name,country,lat,lon,population,,,
Shanghai,CN,31.22222,121.45806,14608512,,,
Buenos Aires,AR,-34.61315,-58.37723,13076300,,,
Dhaka,BD,23.7104,90.40744,10356500,,,
São Paulo,BR,-23.5475,-46.63611,10021295,,,
Jakarta,ID,-6.21462,106.84513,8540121,,,
Zhumadian,CN,32.97944,114.02944,8263100,,,
Kinshasa,CD,-4.32142,15.30807,7785965,,,
Cairo,EG,30.06263,31.24967,7734614,,,
Bogotá,CO,4.60971,-74.08175,7674366,,,
City of London,GB,51.51279,-0.09184,7556900,,,
London,GB,51.50853,-0.12574,7556900,,,
Beijing,CN,39.9075,116.39723,7480601,,,
Nanchong,CN,30.79508,106.08474,7150000,,,
Hong Kong,HK,22.28552,114.15769,7012738,,,
Rio de Janeiro,BR,-22.90278,-43.2075,6023699,,,
Tai’an,CN,36.18528,117.12,5499000,,,
Yueyang,CN,29.37455,113.09481,5000000,,,
Santiago,CL,-33.45694,-70.64827,4837295,,,
Kaifeng,CN,34.7986,114.30742,4800000,,,
Sydney,AU,-33.86785,151.20732,4627345,,,
Toronto,CA,43.70011,-79.4163,4612191,,,
Melbourne,AU,-37.814,144.96332,4246375,,,
Wuhan,CN,30.58333,114.26667,4184206,,,
Chongqing,CN,29.56278,106.55278,3967028,,,
Chengdu,CN,30.66667,104.06667,3950437,,,
Chittagong,BD,22.3384,91.83168,3920222,,,
Alexandria,EG,31.21564,29.95527,3811516,,,
Tianjin,CN,39.14222,117.17667,3766207,,,
Abidjan,CI,5.30966,-4.01266,3677115,,,
Puyang,CN,29.45679,119.88872,3590000,,,
Shenyang,CN,41.79222,123.43278,3512192,,,
Tianshui,CN,34.57952,105.74238,3500000,,,
Shiyan,CN,32.6475,110.77806,3460000,,,
Berlin,DE,52.52437,13.41053,3426354,,,
Montréal,CA,45.50884,-73.58781,3268513,,,
Madrid,ES,40.4165,-3.70256,3255944,,,
Harbin,CN,45.75,126.65,3229883,,,
Xi’an,CN,34.25833,108.92861,3225812,,,
Lanzhou,CN,36.05701,103.83987,3200000,,,
Guangzhou,CN,23.11667,113.25,3152825,,,
Nanjing,CN,32.06167,118.77778,3087010,,,
Kabul,AF,34.52813,69.17233,3043532,,,
Shenzhen,CN,22.54554,114.0683,3000000,,,
Luanda,AO,-8.83682,13.23432,2776168,,,
Addis Ababa,ET,9.02497,38.74689,2757729,,,
Taiyuan,CN,37.86944,112.56028,2722475,,,
Salvador,BR,-12.97111,-38.51083,2711840,,,
Yunfu,CN,22.92832,112.03954,2612800,,,
Changchun,CN,43.88,125.32278,2537421,,,
Zhongshan,CN,21.31992,110.5723,2493400,,,
Al Jīzah,EG,30.00808,31.21093,2443203,,,
Fortaleza,BR,-3.71722,-38.54306,2400000,,,
Cali,CO,3.43722,-76.5225,2392877,,,
Surabaya,ID,-7.24917,112.75083,2374658,,,
Belo Horizonte,BR,-19.92083,-43.93778,2373224,,,
Brasília,BR,-15.77972,-47.92972,2207718,,,
Santo Domingo,DO,18.50012,-69.98857,2201941,,,
Brisbane,AU,-27.46794,153.02809,2189878,,,
Havana,CU,23.13302,-82.38304,2163824,,,
Paris,FR,48.85341,2.3488,2138551,,,
Changsha,CN,28.19874,112.97087,2073938,,,
Jinan,CN,36.66833,116.99722,2069266,,,
Dalian,CN,38.91222,121.60222,2035307,,,
Kowloon,HK,22.31667,114.18333,2019533,,,
Zhengzhou,CN,34.75778,113.64861,2014125,,,
Medellín,CO,6.25184,-75.56359,1999979,,,
Shijiazhuang,CN,38.04139,114.47861,1992474,,,
Algiers,DZ,36.7525,3.04197,1977663,,,
Accra,GH,5.55602,-0.1969,1963264,,,
Guayaquil,EC,-2.20584,-79.90795,1952029,,,
Ordos,CN,39.6086,109.78157,1940653,,,
Perth,AU,-31.95224,115.8614,1896548,,,
Jilin,CN,43.85083,126.56028,1881977,,,
Hangzhou,CN,30.29365,120.16142,1878129,,,
Nanchang,CN,28.68333,115.88333,1871351,,,
Camayenne,GN,9.535,-13.68778,1871242,,,
Vancouver,CA,49.24966,-123.11934,1837969,,,
Conakry,GN,9.53795,-13.67729,1767200,,,
Medan,ID,3.58333,98.66667,1750971,,,
Minsk,BY,53.9,27.56667,1742124,,,
Budapest,HU,47.49801,19.03991,1741041,,,
Hamburg,DE,53.57532,10.01534,1739117,,,
Curitiba,BR,-25.42778,-49.27306,1718421,,,
Bandung,ID,-6.90389,107.61861,1699719,,,
Vienna,AT,48.20849,16.37208,1691468,,,
Qingdao,CN,36.09861,120.37194,1642245,,,
Barcelona,ES,41.38879,2.15899,1621537,,,
Manaus,BR,-3.10194,-60.025,1598210,,,
Tangshan,CN,39.63333,118.18333,1596949,,,
Xinyang,CN,32.12278,114.06556,1590668,,,
Bekasi,ID,-6.2349,106.9896,1520119,,,
Ürümqi,CN,43.80096,87.60046,1508225,,,
Recife,BR,-8.05389,-34.88111,1478098,,,
Kumasi,GH,6.68848,-1.62443,1468609,,,
Palembang,ID,-2.91673,104.7458,1441500,,,
Córdoba,AR,-31.4135,-64.18105,1428214,,,
Belém,BR,-1.45583,-48.50444,1407737,,,
Fushun,CN,41.85583,123.92333,1400646,,,
Quito,EC,-0.22985,-78.52495,1399814,,,
Luoyang,CN,34.68361,112.45361,1390581,,,
Hefei,CN,31.86389,117.28083,1388904,,,
Barranquilla,CO,10.96854,-74.78132,1380425,,,
Guankou,CN,28.15861,113.62709,1380000,,,
Lubumbashi,CD,-11.66089,27.47938,1373770,,,
Porto Alegre,BR,-30.03306,-51.23,1372741,,,
Tangerang,ID,-6.17806,106.63,1372124,,,
Santa Cruz de la Sierra,BO,-17.78629,-63.18117,1364389,,,
Handan,CN,36.60056,114.46778,1358318,,,
Suzhou,CN,31.30408,120.59538,1343091,,,
Khulna,BD,22.80978,89.56439,1342339,,,
Douala,CM,4.04827,9.70428,1338082,,,
Shantou,CN,23.36814,116.71479,1333973,,,
Makassar,ID,-5.14,119.4221,1321717,,,
Baotou,CN,40.65222,109.82222,1301768,,,
Yaoundé,CM,3.86667,11.51667,1299369,,,
Semarang,ID,-6.9932,110.4203,1288084,,,
Brazzaville,CG,-4.26613,15.28318,1284609,,,
München,DE,48.13743,11.57549,1260391,,,
Port-au-Prince,HT,18.53917,-72.335,1234742,,,
Adelaide,AU,-34.92866,138.59863,1225235,,,
Santiago de los Caballeros,DO,19.4517,-70.69703,1200000,,,
Anshan,CN,41.12361,122.99,1199275,,,
Tongshan,CN,34.18045,117.15707,1199193,,,
Depok,ID,-6.4,106.81861,1198129,,,
Fuzhou,CN,26.06139,119.30611,1179720,,,
Rosario,AR,-32.94682,-60.63932,1173533,,,
Guiyang,CN,26.58333,106.71667,1171633,,,
Goiânia,BR,-16.67861,-49.25389,1171195,,,
Guarulhos,BR,-23.46278,-46.53333,1169577,,,
Prague,CZ,50.08804,14.42076,1165581,,,
Copenhagen,DK,55.67594,12.56553,1153615,,,
Sofia,BG,42.69751,23.32415,1152556,,,
Dayan,CN,26.86879,100.22072,1137600,,,
Dubai,AE,25.25817,55.30472,1137347,,,
Baku,AZ,40.37767,49.89201,1116513,,,
Wuxi,CN,31.56887,120.28857,1108647,,,
Yerevan,AM,40.18111,44.51361,1093485,,,
Ouagadougou,BF,12.36566,-1.53388,1086505,,,
Datong,CN,40.09361,113.29139,1052678,,,
Tbilisi,GE,41.69411,44.83368,1049498,,,
Changshu City,CN,31.64615,120.74221,1047700,,,
Xianyang,CN,34.33778,108.70261,1034081,,,
Campinas,BR,-22.90556,-47.06083,1031554,,,
Huainan,CN,32.62639,116.99694,1027655,,,
Kunming,CN,25.03889,102.71833,1023674,,,
Calgary,CA,51.05011,-114.08529,1019942,,,
Brussels,BE,50.85045,4.34878,1019022,,,
Nova Iguaçu,BR,-22.75917,-43.45111,1002118,,,
Jieyang,CN,23.52886,116.36416,1001985,,,
Zhu Cheng City,CN,35.99502,119.40259,1000000,,,
Baoding,CN,38.85111,115.49028,995652,,,
Guatemala City,GT,14.64072,-90.51327,994938,,,
Benxi,CN,41.28861,123.765,987717,,,
Birmingham,GB,52.48142,-1.89983,984333,,,
Köln,DE,50.93333,6.95,963395,,,
Maceió,BR,-9.66583,-35.73528,954991,,,
Cartagena,CO,10.39972,-75.51444,952024,,,
Changzhou,CN,31.77358,119.95401,949018,,,
São Luís,BR,-2.52972,-44.30278,917237,,,
Huaibei,CN,33.97444,116.79167,903039,,,
Cochabamba,BO,-17.3895,-66.1568,900414,,,
Abobo,CI,5.41613,-4.0159,900000,,,
Pingdingshan,CN,33.73847,113.30119,889675,,,
Qiqihar,CN,47.34088,123.96045,882364,,,
Mendoza,AR,-32.89084,-68.82717,876884,,,
Mbuji-Mayi,CD,-6.13603,23.58979,874761,,,
Wenzhou,CN,27.99942,120.66682,865672,,,
Tegucigalpa,HN,14.0818,-87.20681,850848,,,
Padang,ID,-0.94924,100.35427,840352,,,
Duque de Caxias,BR,-22.78556,-43.31167,818329,,,
Valencia,ES,39.46975,-0.37739,814208,,,
La Paz,BO,-16.5,-68.15,812799,,,
Ottawa,CA,45.41117,-75.69812,812129,,,
Nanning,CN,22.81667,108.31667,803788,,,
Bandarlampung,ID,-5.42544,105.25803,800348,,,
Zagreb - Centar,HR,45.81313,15.97753,800000,,,
Bogor,ID,-6.59444,106.78917,800000,,,
Marseille,FR,43.29695,5.38107,794811,,,
Boumerdas,DZ,36.76639,3.47717,786499,,,
Anyang,CN,36.09944,114.32889,781129,,,
San Miguel de Tucumán,AR,-26.82414,-65.2226,781023,,,
Hohhot,CN,40.81056,111.65222,774477,,,
Shangyu,CN,30.01556,120.87111,770000,,,
Xining,CN,36.62554,101.75739,767531,,,
Natal,BR,-5.795,-35.20944,763043,,,
Qinhuangdao,CN,39.93167,119.58833,759718,,,
Hengyang,CN,26.88806,112.615,759602,,,
Malang,ID,-7.9797,112.6304,746716,,,
Teresina,BR,-5.08917,-42.80194,744512,,,
Xinxiang,CN,35.30889,113.86722,743601,,,
São Bernardo do Campo,BR,-23.69389,-46.565,743372,,,
Hegang,CN,47.35118,130.30012,743307,,,
Campo Grande,BR,-20.44278,-54.64639,729151,,,
Athens,GR,37.97945,23.71622,729137,,,
Cúcuta,CO,7.89391,-72.50782,721398,,,
Langfang,CN,39.50972,116.69472,720119,,,
Ningbo,CN,29.87819,121.54945,719867,,,
Yantai,CN,37.47649,121.44081,719332,,,
Edmonton,CA,53.55014,-113.46871,712391,,,
Zhuzhou,CN,27.83333,113.15,709358,,,
Pekanbaru,ID,0.53333,101.45,703956,,,
Sevilla,ES,37.38241,-5.97613,703206,,,
Jaboatão,BR,-8.18028,-35.00139,702621,,,
Santo Domingo Oeste,DO,18.5,-70,701269,,,
Rājshāhi,BD,24.374,88.60114,700133,,,
Changzhi,CN,35.20889,111.73861,699514,,,
Zagreb,HR,45.81444,15.97798,698966,,,
Sarajevo,BA,43.84864,18.35644,696731,,,
La Plata,AR,-34.92145,-57.95453,694167,,,
Zhangjiakou,CN,40.81,114.87944,692602,,,
Cotonou,BJ,6.36536,2.41833,690584,,,
Zigong,CN,29.34162,104.77689,689961,,,
Fuxin,CN,42.01556,121.65889,689050,,,
Huangshi,CN,30.24706,115.04814,688090,,,
Liaoyang,CN,41.27194,123.17306,687890,,,
Osasco,BR,-23.5325,-46.79167,677856,,,
Zaragoza,ES,41.65606,-0.87734,674317,,,
Xiangtan,CN,27.85,112.9,674189,,,
Zibo,CN,36.79056,118.06333,669770,,,
Mississauga,CA,43.5789,-79.6583,668549,,,
Puyang,CN,35.70278,115.00528,666322,,,
Nantong,CN,32.03028,120.87472,666251,,,
Mudanjiang,CN,44.58333,129.6,665915,,,
Santo André,BR,-23.66389,-46.53833,662373,,,
Pointe-Noire,CG,-4.77609,11.86352,659084,,,
João Pessoa,BR,-7.115,-34.86306,650883,,,
Frankfurt am Main,DE,50.11552,8.68417,650000,,,
Guilin,CN,25.28194,110.28639,649352,,,
Oran,DZ,35.69111,-0.64167,645984,,,
Zhanjiang,CN,21.28145,110.34271,637790,,,
Yogyakarta,ID,-7.78278,110.36083,636660,,,
North York,CA,43.76681,-79.4163,636000,,,
Tébessa,DZ,35.40417,8.12417,634332,,,
Zhenjiang,CN,32.21086,119.45508,632552,,,
Winnipeg,CA,49.8844,-97.14704,632063,,,
Dandong,CN,40.12917,124.39472,631973,,,
Jaboatão dos Guararapes,BR,-8.11278,-35.01472,630008,,,
Shaoguan,CN,24.8,113.58333,628749,,,
Yancheng,CN,33.38556,120.12528,628441,,,
Foshan,CN,23.02677,113.13148,627348,,,
Contagem,BR,-19.93167,-44.05361,627123,,,
Panshan,CN,41.18806,122.04944,625040,,,
Djibouti,DJ,11.58901,43.14503,623891,,,
Ribeirão Preto,BR,-21.1775,-47.81028,619746,,,
Haikou,CN,20.04583,110.34167,615835,,,
São José dos Campos,BR,-23.17944,-45.88694,613764,,,
Taizhou,CN,32.49069,119.90812,612356,,,
Xingtai,CN,37.06306,114.49417,611739,,,
Glasgow,GB,55.86515,-4.25763,610268,,,
Jinzhou,CN,41.10778,121.14167,604269,,,
Abu Dhabi,AE,24.46667,54.36667,603492,,,
Shuangyashan,CN,46.63611,131.15389,600000,,,
Situbondo,ID,-7.70623,114.00976,600000,,,
Luancheng,CN,37.87917,114.65167,597130,,,
Essen,DE,51.45657,7.01228,593085,,,
Gold Coast,AU,-28.00029,153.43088,591473,,,
Yingkou,CN,40.66482,122.22833,591159,,,
Zhangzhou,CN,24.51333,117.65556,589831,,,
Stuttgart,DE,48.78232,9.17702,589793,,,
Dortmund,DE,51.51494,7.466,588462,,,
Xiamen,CN,24.47979,118.08187,578337,,,
Libreville,GA,0.39241,9.45356,578156,,,
Bengbu,CN,32.94083,117.36083,576648,,,
Düsseldorf,DE,51.22172,6.77616,573057,,,
Banjarmasin,ID,-3.31987,114.59075,572837,,,
Shihezi,CN,44.3023,86.03694,572772,,,
Bucaramanga,CO,7.12539,-73.1198,571820,,,
Málaga,ES,36.72016,-4.42034,568305,,,
Bouaké,CI,7.69385,-5.03031,567481,,,
Asmara,ER,15.33805,38.93184,563930,,,
Uberlândia,BR,-18.91861,-48.27722,563536,,,
Sorocaba,BR,-23.50167,-47.45806,558862,,,
Helsinki,FI,60.16952,24.93545,558457,,,
Santiago de Cuba,CU,20.02472,-75.82194,555865,,,
Siping,CN,43.16333,124.36861,555609,,,
Surakarta,ID,-7.55611,110.83167,555308,,,
Huai'an,CN,33.58861,119.01917,555230,,,
Mar del Plata,AR,-38.00228,-57.55754,553935,,,
Jiamusi,CN,46.79927,130.31633,549549,,,
Neijiang,CN,29.58354,105.06216,546854,,,
Bremen,DE,53.07516,8.80777,546501,,,
Sharjah,AE,25.33737,55.41206,543733,,,
Bangui,CF,4.36122,18.55496,542393,,,
Yangzhou,CN,32.39722,119.43583,539715,,,
Kisangani,CD,0.51528,25.19099,539158,,,
Port Said,EG,31.25654,32.28412,538378,,,
Guli,CN,28.88162,120.03308,536000,,,
Tanggu,CN,39.02111,117.64694,535298,,,
Jiangmen,CN,22.58333,113.08333,532419,,,
Québec,CA,46.81228,-71.21454,528595,,,
Cangzhou,CN,38.31667,116.86667,527681,,,
Cuiabá,BR,-15.59611,-56.09667,521934,,,
Hamilton,CA,43.25011,-79.84963,519949,,,
Quilmes,AR,-34.72418,-58.25265,518788,,,
Changde,CN,29.04638,111.6783,517780,,,
Jiaozuo,CN,35.23972,113.23306,517540,,,
Hannover,DE,52.37052,9.73322,515140,,,
Salta,AR,-24.7859,-65.41166,512686,,,
Aparecida de Goiânia,BR,-16.82333,-49.24389,510770,,,
Puente Alto,CL,-33.61169,-70.57577,510417,,,
Wuhu,CN,31.33728,118.37351,507524,,,
Leipzig,DE,51.33962,12.37129,504971,,,
Duisburg,DE,51.43247,6.76516,504358,,,
Zhuhai,CN,22.27694,113.56778,501199,,,
Nürnberg,DE,49.45421,11.07752,499237,,,
Shashi,CN,30.30722,112.24472,498780,,,
Cimahi,ID,-6.87222,107.5425,493698,,,
Wuwei,CN,37.92672,102.63202,493092,,,
Aracaju,BR,-10.91111,-37.07167,490175,,,
Santa Fe de la Vera Cruz,AR,-31.63333,-60.7,489505,,,
San Pedro Sula,HN,15.50417,-88.025,489466,,,
Suez,EG,29.97371,32.52627,488125,,,
Dresden,DE,51.05089,13.73832,486854,,,
Masina,CD,-4.38361,15.39139,485167,,,
Feira de Santana,BR,-12.26667,-38.96667,481911,,,
Homyel’,BY,52.4345,30.9754,480951,,,
Yichang,CN,30.71444,111.28472,476725,,,
Yinchuan,CN,38.46806,106.27306,475101,,,
Mixco,GT,14.63333,-90.60639,473080,,,
Lyon,FR,45.74846,4.84671,472317,,,
Londrina,BR,-23.31028,-51.16278,471832,,,
Jiaojiang,CN,28.68028,121.44278,470804,,,
Juiz de Fora,BR,-21.76417,-43.35028,470193,,,
Liverpool,GB,53.41058,-2.97794,468945,,,
Zunyi,CN,27.68667,106.90722,466292,,,
Jiaxing,CN,30.7522,120.75,466101,,,
Belford Roxo,BR,-22.76417,-43.39944,466096,,,
Liaoyuan,CN,42.90361,125.13583,465249,,,
Kananga,CD,-5.89624,22.41659,463546,,,
Xiangyang,CN,32.0422,112.14479,462956,,,
Dadukou,CN,26.5479,101.70539,461513,,,
Joinville,BR,-26.30444,-48.84556,461304,,,
Antwerpen,BE,51.21989,4.40346,459805,,,
Niterói,BR,-22.88333,-43.10361,456456,,,
Hengshui,CN,37.73222,115.70111,456356,,,
Pontianak,ID,-0.03333,109.33333,455173,,,
Leeds,GB,53.79648,-1.54785,455123,,,
São João de Meriti,BR,-22.80389,-43.37222,454849,,,
Manado,ID,1.487,124.8455,451893,,,
Jining,CN,35.405,116.58139,450327,,,
Constantine,DZ,36.365,6.61472,450097,,,
Wenshan City,CN,23.36306,104.25047,450000,,,
Chengde,CN,40.9725,117.93611,449325,,,
Xuchang,CN,34.01667,113.81667,449258,,,
San Juan,AR,-31.5375,-68.53639,447048,,,
Sheffield,GB,53.38297,-1.4659,447047,,,
Carrefour,HT,18.54114,-72.39922,442156,,,
Pereira,CO,4.81333,-75.69611,440118,,,
Garoua,CM,9.3,13.4,436899,,,
Murcia,ES,37.98704,-1.13004,436870,,,
Bei’an,CN,48.26667,126.6,436444,,,
Edinburgh,GB,55.95206,-3.19648,435791,,,
Kousséri,CM,12.07689,15.03063,435547,,,
Ananindeua,BR,-1.36556,-48.37222,433956,,,
Balikpapan,ID,-1.26753,116.82887,433866,,,
Brampton,CA,43.68341,-79.76633,433806,,,
Toulouse,FR,43.60426,1.44367,433055,,,
Santa Marta,CO,11.24079,-74.19904,431781,,,
Al Maḩallah al Kubrá,EG,30.9745,31.16499,431052,,,
Bristol,GB,51.45523,-2.59665,430713,,,
Luqiao,CN,28.58023,121.37491,427890,,,
Chaozhou,CN,23.66513,116.63786,424787,,,
Likasi,CD,-10.98139,26.73333,422414,,,
Luxor,EG,25.69893,32.6421,422407,,,
Ibagué,CO,4.43889,-75.23222,421685,,,
Shaoxing,CN,30.01102,120.57153,421283,,,
Asyūţ,EG,27.18096,31.18368,420585,,,
Jambi City,ID,-1.6,103.61667,420323,,,
Al Manşūrah,EG,31.03637,31.38069,420195,,,
Kolwezi,CD,-10.71484,25.46674,418000,,,
Luohe,CN,33.57167,114.03528,417356,,,
Yangquan,CN,37.8575,113.56333,413394,,,
Florianópolis,BR,-27.59667,-48.54917,412724,,,
Wandsbek,DE,53.56667,10.1,411422,,,
Santos,BR,-23.96083,-46.33361,411403,,,
Chaoyang,CN,41.57028,120.45861,410005,,,
Kitchener,CA,43.42537,-80.5112,409112,,,
Al Ain,AE,24.19167,55.76056,408733,,,
Shiyan,CN,32.56667,110.78333,408055,,,
Villa Nueva,GT,14.52694,-90.5875,406830,,,
Ribeirão das Neves,BR,-19.76694,-44.08667,406802,,,
Denpasar,ID,-8.65,115.21667,405923,,,
Tanda,EG,30.78847,31.00192,404901,,,
Jixi,CN,45.3011,130.95718,403759,,,
Palma,ES,39.56939,2.65024,401270,,,
Yangjiang,CN,21.85564,111.96272,399735,,,
Manchester,GB,53.48095,-2.23743,395515,,,
Surrey,CA,49.10635,-122.82509,394976,,,
Vila Velha,BR,-20.32972,-40.2925,394930,,,
Weifang,CN,36.71,119.10194,394732,,,
Serra,BR,-20.12861,-40.30778,394153,,,
Tallinn,EE,59.43696,24.75353,394024,,,
Bamenda,CM,5.95266,10.15824,393835,,,
Bello,CO,6.33732,-75.55795,392939,,,
Xinpu,CN,34.59972,119.15944,392444,,,
Kandahār,AF,31.61332,65.71013,391190,,,
Diadema,BR,-23.68611,-46.62278,390633,,,
Dongguan,CN,23.04889,113.74472,390219,,,
Comilla,BD,23.46186,91.18504,389411,,,
Bissau,GW,11.86357,-15.59767,388028,,,
Campos,BR,-21.75227,-41.33044,387417,,,
Resistencia,AR,-27.46056,-58.98389,387158,,,
Mauá,BR,-23.66778,-46.46139,386069,,,
Abomey-Calavi,BJ,6.44852,2.35566,385755,,,
Bochum,DE,51.48165,7.21648,385729,,,
Betim,BR,-19.96778,-44.19833,384000,,,
N’dalatando,AO,-9.29782,14.91162,383100,,,
Delmas 73,HT,18.54472,-72.30278,382920,,,
Pasto,CO,1.21361,-77.28111,382236,,,
Las Palmas de Gran Canaria,ES,28.09973,-15.41343,381847,,,
Caxias do Sul,BR,-29.16806,-51.17944,381270,,,
Bochum-Hordel,DE,51.50168,7.1756,380000,,,
Dezhou,CN,37.44861,116.2925,379555,,,
Zhoukou,CN,33.63333,114.63333,377061,,,
Laval,CA,45.56995,-73.692,376845,,,
Putian,CN,25.43944,119.01028,376558,,,
Tirana,AL,41.3275,19.81889,374801,,,
São José do Rio Preto,BR,-20.81972,-49.37944,374699,,,
Xuanhua,CN,40.61028,115.04472,373422,,,
Pingxiang,CN,27.61672,113.85353,372123,,,
Fenghuang,CN,27.93557,109.59961,370000,,,
Brno,CZ,49.19522,16.60796,369559,,,
Mahilyow,BY,53.9168,30.3449,369200,,,
Canberra,AU,-35.28346,149.12807,367752,,,
Olinda,BR,-8.00889,-34.85528,366754,,,
Zhaoqing,CN,23.05116,112.45972,361969,,,
Carapicuíba,BR,-23.52272,-46.835,361112,,,
Wuppertal,DE,51.27027,7.16755,360797,,,
Tamale,GH,9.40078,-0.8393,360579,,,
Bobo-Dioulasso,BF,11.17715,-4.2979,360106,,,
Halifax,CA,44.64533,-63.57239,359111,,,
Anqing,CN,30.51365,117.04723,358661,,,
Manizales,CO,5.06889,-75.51738,357814,,,
Berlin Pankow,DE,52.56926,13.40186,356019,,,
Samarinda,ID,-0.5,117.15,355160,,,
Bilbao,ES,43.26271,-2.92528,354860,,,
Santiago del Estero,AR,-27.79511,-64.26149,354692,,,
Thessaloníki,GR,40.64028,22.94389,354290,,,
Neiva,CO,2.9273,-75.28188,352855,,,
Anshun,CN,26.25,105.93333,351936,,,
Campina Grande,BR,-7.23056,-35.88111,348936,,,
Etobicoke,CA,43.65421,-79.56711,347948,,,
Camagüey,CU,21.38083,-77.91694,347562,,,
London,CA,42.98339,-81.23304,346765,,,
Chifeng,CN,42.26833,118.96361,346654,,,
Taihe,CN,45.76195,130.85131,345033,,,
Rangpur,BD,25.74664,89.25166,343122,,,
Vitebsk,BY,55.1904,30.2049,342700,,,
Soledad,CO,10.91843,-74.76459,342556,,,
Shiqi,CN,22.51682,113.38521,342306,,,
Piracicaba,BR,-22.72528,-47.64917,342209,,,
Zürich,CH,47.36667,8.55,341730,,,
Plovdiv,BG,42.15,24.75,340494,,,
Yingbazha,CN,41.11312,80.26918,340020,,,
Leicester,GB,52.6386,-1.13169,339239,,,
Corrientes,AR,-27.4806,-58.8341,339067,,,
Macapá,BR,0.03889,-51.06639,338936,,,
Nice,FR,43.70313,7.26608,338620,,,
Tungi,BD,23.89154,90.40232,337579,,,
Itaquaquecetuba,BR,-23.48611,-46.34833,336679,,,
Bauru,BR,-22.31472,-49.06056,335024,,,
San José,CR,9.93333,-84.08333,335007,,,
Alicante,ES,38.34517,-0.48149,334757,,,
Tieling,CN,42.29306,123.84139,333907,,,
Jincheng,CN,35.50222,112.83278,332650,,,
Montes Claros,BR,-16.735,-43.86167,332379,,,
Bielefeld,DE,52.03333,8.53333,331906,,,
Bujumbura,BI,-3.3822,29.3644,331700,,,
Berlin Mitte,DE,52.52003,13.40489,329078,,,
Córdoba,ES,37.89155,-4.77275,328428,,,
Canoas,BR,-29.91778,-51.18361,328291,,,
Yanji,CN,42.9075,129.50778,326957,,,
Mogi das Cruzes,BR,-23.52278,-46.18833,325746,,,
São Vicente,BR,-23.96306,-46.39194,324457,,,
Suizhou,CN,31.71111,113.36306,323945,,,
Villavicencio,CO,4.142,-73.62664,321717,,,
Jundiaí,BR,-23.18639,-46.88417,321589,,,
Pelotas,BR,-31.77194,-52.3425,320674,,,
Maroua,CM,10.59095,14.31592,319941,,,
Morón,AR,-34.65344,-58.61975,319934,,,
Anápolis,BR,-16.32667,-48.95278,319587,,,
Islington,GB,51.53622,-0.10304,319143,,,
Holguín,CU,20.88722,-76.26306,319102,,,
Shangrao,CN,28.45322,117.9686,318769,,,
Mataram,ID,-8.58333,116.11667,318674,,,
Valladolid,ES,41.65518,-4.72372,317864,,,
Hrodna,BY,53.6884,23.8258,317365,,,
Berlin Wilmersdorf,DE,52.50097,13.29097,317190,,,
Baicheng,CN,45.60746,122.82076,316970,,,
Armenia,CO,4.53389,-75.68111,315328,,,
Soacha,CO,4.57937,-74.21682,313945,,,
Ganja,AZ,40.68278,46.36056,313300,,,
Lianshan,CN,40.76432,120.85327,313247,,,
Bonn,DE,50.73438,7.09548,313125,,,
Ostrava,CZ,49.83465,18.28204,313088,,,
Varna,BG,43.21667,27.91667,312770,,,
Vitória,BR,-20.31944,-40.33778,312656,,,
Wusong,CN,30.95,117.78333,312588,,,
Posadas,AR,-27.36708,-55.89608,312060,,,
Maringá,BR,-23.42528,-51.93861,311724,,,
Percut,ID,3.6253,98.864,311063,,,
Jingdezhen,CN,29.2947,117.20789,310565,,,
Guarujá,BR,-23.99306,-46.25639,310424,,,
Antofagasta,CL,-23.65236,-70.3954,309832,,,
Bengkulu,ID,-3.80044,102.26554,309712,,,
Coventry,GB,52.40656,-1.51217,308313,,,
Newcastle,AU,-32.92715,151.77647,308308,,,
Valledupar,CO,10.46314,-73.25322,308237,,,
Biskra,DZ,34.85038,5.72805,307987,,,
Mannheim,DE,49.49671,8.47955,307960,,,
Dongying,CN,37.45639,118.48556,306450,,,
Al Fayyūm,EG,29.30995,30.8418,306393,,,
Porto Velho,BR,-8.76194,-63.90389,306180,,,
San Salvador de Jujuy,AR,-24.19456,-65.29712,305891,,,
Franca,BR,-20.53861,-47.40083,305041,,,
Mazār-e Sharīf,AF,36.70904,67.11087,303282,,,
Hull,GB,53.7446,-0.33525,302296,,,
Cardiff,GB,51.48,-3.18,302139,,,
Brest,BY,52.09755,23.68775,300715,,,
Yangshuo,CN,24.78081,110.48967,300000,,,
Bradford,GB,53.79391,-1.75206,299310,,,
Jember,ID,-8.16604,113.70317,298585,,,
Okanagan,CA,50.36386,-119.34997,297601,,,
Vigo,ES,42.23282,-8.72264,297332,,,
Viña del Mar,CL,-33.02457,-71.55183,294551,,,
Blumenau,BR,-26.91944,-49.06611,293949,,,
Foz do Iguaçu,BR,-25.54778,-54.58806,293523,,,
Wollongong,AU,-34.424,150.89345,292190,,,
Ponta Grossa,BR,-25.095,-50.16194,292177,,,
Bafoussam,CM,5.47775,10.41759,290768,,,
Berlin Steglitz Zehlendorf,DE,52.43485,13.24183,290506,,,
Xiuying,CN,20.00073,110.29359,290000,,,
Paulista,BR,-7.94083,-34.87306,289971,,,
Limeira,BR,-22.56472,-47.40167,289665,,,
Victoria,CA,48.43294,-123.3693,289625,,,
Beihai,CN,21.48333,109.1,289568,,,
Huizhou,CN,23.08333,114.4,289201,,,
Tsuen Wan,HK,22.37066,114.10479,288728,,,
Sétif,DZ,36.19112,5.41373,288461,,,
Marienthal,DE,53.56667,10.08333,287101,,,
Viamão,BR,-30.08111,-51.02333,285269,,,
Zagazig,EG,30.58768,31.502,285097,,,
Ismailia,EG,30.60427,32.27225,284813,,,
Karlsruhe,DE,49.00472,8.38583,283799,,,
Suzano,BR,-23.5425,-46.31083,283314,,,
Pétionville,HT,18.5125,-72.28528,283052,,,
Logan City,AU,-27.63917,153.10944,282673,,,
Valparaíso,CL,-33.03932,-71.62725,282448,,,
Palu,ID,-0.8917,119.8707,282431,,,
Itagüí,CO,6.18461,-75.59913,281853,,,
Narsingdi,BD,23.92298,90.71768,281080,,,
Batna,DZ,35.55597,6.17414,280798,,,
Chuzhou,CN,32.32194,118.29778,280582,,,
Hamburg-Nord,DE,53.58935,9.984,280000,,,
Windsor,CA,42.30008,-83.01654,278013,,,
Gijón,ES,43.53573,-5.66152,277554,,,
Nantes,FR,47.21725,-1.55336,277269,,,
Cuenca,EC,-2.90054,-79.00453,276964,,,
Bahía Blanca,AR,-38.7196,-62.27243,276546,,,
Sukabumi,ID,-6.91806,106.92667,276414,,,
Bab Ezzouar,DZ,36.72615,3.18291,275630,,,
Mokolo,CM,10.73978,13.80188,275239,,,
Caucaia,BR,-3.73611,-38.65306,275019,,,
Strasbourg,FR,48.58342,7.74296,274845,,,
Belfast,GB,54.58333,-5.93333,274770,,,
Kashi,CN,39.45472,75.97972,274717,,,
Herāt,AF,34.34817,62.19967,272806,,,
Guantánamo,CU,20.14444,-75.20917,272801,,,
Petrópolis,BR,-22.505,-43.17861,272691,,,
Wiesbaden,DE,50.08258,8.24932,272432,,,
Montería,CO,8.74798,-75.88143,272420,,,
Tasikmalaya,ID,-7.3274,108.2207,271143,,,
Linyi,CN,35.06306,118.34278,270669,,,
Münster,DE,51.96236,7.62571,270184,,,
Gelsenkirchen,DE,51.5075,7.12283,270028,,,
Tshikapa,CD,-6.41621,20.79995,267462,,,
Kafr ad Dawwār,EG,31.13385,30.12843,267370,,,
Chengzhong,CN,30.94454,113.55284,265886,,,
Wuzhou,CN,23.48333,111.31667,265846,,,
Hulan Ergi,CN,47.20417,123.63333,265344,,,
Aachen,DE,50.77664,6.08342,265208,,,
Sumqayıt,AZ,40.58972,49.66861,265150,,,
Mianyang,CN,31.45934,104.75424,264136,,,
Eixample,ES,41.38896,2.16179,262485,,,
Paraná,AR,-31.73197,-60.5238,262295,,,
Mönchengladbach,DE,51.18539,6.44172,261742,,,
Markham,CA,43.86682,-79.2663,261573,,,
Sincelejo,CO,9.30472,-75.39778,261187,,,
Tongliao,CN,43.6125,122.26528,261110,,,
Uberaba,BR,-19.74833,-47.93194,260843,,,
Stoke-on-Trent,GB,53.00415,-2.18538,260419,,,
Aral,CN,40.51556,81.26361,260000,,,
Augsburg,DE,48.36667,10.88333,259196,,,
Jiujiang,CN,29.73333,115.98333,258807,,,
Jining,CN,41.0275,113.10583,258757,,,
Popayán,CO,2.43823,-76.61316,258653,,,
Pekalongan,ID,-6.8886,109.6753,257945,,,
Rio Branco,BR,-9.97472,-67.81,257642,,,
Cascavel,BR,-24.95583,-53.45528,257172,,,
L'Hospitalet de Llobregat,ES,41.35967,2.10028,257038,,,
Espoo,FI,60.2052,24.6522,256760,,,
Latina,ES,40.38897,-3.74569,256644,,,
Laochenglu,CN,42.9251,89.16831,254900,,,
Heze,CN,35.24306,115.44111,254602,,,
Cirebon,ID,-6.7063,108.557,254298,,,
Novo Hamburgo,BR,-29.67833,-51.13056,253841,,,
Cox’s Bāzār,BD,21.45388,91.96765,253788,,,
Carabanchel,ES,40.39094,-3.7242,253678,,,
Vitória da Conquista,BR,-14.86611,-40.83944,253137,,,
Laohekou,CN,32.38583,111.66778,253112,,,
Talcahuano,CL,-36.72494,-73.11684,252968,,,
Wolverhampton,GB,52.58547,-2.12296,252791,,,
Dire Dawa,ET,9.59306,41.86611,252279,,,
Floridablanca,CO,7.06222,-73.08644,252267,,,
Suihua,CN,46.63954,126.99508,252245,,,
Barueri,BR,-23.51056,-46.87611,251994,,,
Eimsbüttel,DE,53.56667,9.98333,251907,,,
Liupanshui,CN,26.59444,104.83333,251900,,,
Taubaté,BR,-23.02639,-45.55528,251641,,,
Nanyang,CN,32.99472,112.53278,251532,,,
Governador Valadares,BR,-18.85111,-41.94944,250878,,,
Banda Aceh,ID,5.5577,95.3222,250757,,,
Wafangdian,CN,39.61833,122.00806,250591,,,
Santa Clara,CU,22.4,-79.96667,250512,,,
Altona,DE,53.55,9.93333,250192,,,
Praia Grande,BR,-24.00583,-46.40278,250027,,,
Port-de-Paix,HT,19.9389,-72.83257,250000,,,
San Bernardo,CL,-33.59218,-70.6996,249858,,,
Várzea Grande,BR,-15.64667,-56.1325,249752,,,
Volta Redonda,BR,-22.52306,-44.10417,249580,,,
Santa Maria,BR,-29.68417,-53.80694,249219,,,
Montpellier,FR,43.61092,3.87723,248252,,,
Oshawa,CA,43.90012,-78.84957,247989,,,
Palmira,CO,3.53944,-76.30361,247986,,,
Plymouth,GB,50.37153,-4.14305,247297,,,
Chemnitz,DE,50.83333,12.91667,247220,,,
Nottingham,GB,52.9536,-1.15047,246654,,,
Rizhao,CN,35.4275,119.45528,246387,,,
Southampton,GB,50.90395,-1.40428,246201,,,
A Coruña,ES,43.37135,-8.396,246056,,,
Ji’an,CN,27.11716,114.97927,245000,,,
Braunschweig,DE,52.26594,10.52673,244715,,,
Hebi,CN,35.89917,114.1925,244662,,,
Puente de Vallecas,ES,40.39235,-3.6597,244151,,,
Reading,GB,51.45625,-0.97113,244070,,,
Jessore,BD,23.16971,89.21371,243987,,,
Santa Luzia,BR,-19.76972,-43.85139,243503,,,
Gatineau,CA,45.47723,-75.70164,242124,,,
Yibin,CN,28.76667,104.62383,242111,,,
Neuquén,AR,-38.95161,-68.0591,242092,,,
Berlin Reinickendorf,DE,52.56667,13.33333,241756,,,
Aswan,EG,24.09082,32.89942,241261,,,
Buenaventura,CO,3.8801,-77.03116,240387,,,
Lǝnkǝran,AZ,38.75428,48.85062,240300,,,
Halle Neustadt,DE,51.47924,11.91605,240000,,,
Xiantao,CN,30.38333,113.4,239406,,,
Vaughan,CA,43.8361,-79.49827,238866,,,
Gravataí,BR,-29.94444,-50.99194,238778,,,
Nāgarpur,BD,24.05783,89.87696,238422,,,
Temuco,CL,-38.73965,-72.59842,238129,,,
Krefeld,DE,51.33921,6.58615,237984,,,
Århus,DK,56.15674,10.21076,237551,,,
Tegal,ID,-6.8694,109.1402,237084,,,
Djougou,BJ,9.70853,1.66598,237040,,,
Sylhet,BD,24.89904,91.87198,237000,,,
Yuci,CN,37.68028,112.73194,235929,,,
Gasteiz / Vitoria,ES,42.84998,-2.67268,235661,,,
Caruaru,BR,-8.28333,-35.97611,235371,,,
Qinā,EG,26.16418,32.72671,235362,,,
Boa Vista,BR,2.81972,-60.67333,235150,,,
Kediri,ID,-7.81667,112.01667,235143,,,
Derby,GB,52.92277,-1.47663,235029,,,
Georgetown,GY,6.80448,-58.15527,235017,,,
Granada,ES,37.18817,-3.60667,234325,,,
Porto-Novo,BJ,6.49646,2.60359,234168,,,
Halle (Saale),DE,51.5,12,234107,,,
Hamburg-Mitte,DE,53.55,10.01667,233144,,,
Takoradi,GH,4.88447,-1.75536,232919,,,
Kiel,DE,54.32133,10.13489,232758,,,
Linfen,CN,36.08889,111.51889,232566,,,
Bordeaux,FR,44.84044,-0.5805,231844,,,
Gent,BE,51.05,3.71667,231493,,,
Ngaoundéré,CM,7.32765,13.58472,231357,,,
Elche,ES,38.26218,-0.70107,230112,,,
Ḩalwān,EG,29.84144,31.30084,230000,,,
Magdeburg,DE,52.12773,11.62916,229826,,,
Longueuil,CA,45.53121,-73.51806,229330,,,
Croix des Bouquets,HT,18.57512,-72.22302,229127,,,
Binjai,ID,3.6001,98.4854,228763,,,
Ipatinga,BR,-19.46833,-42.53667,228746,,,
Lille,FR,50.63297,3.05858,228328,,,
Ciudad Lineal,ES,40.45349,-3.65434,228171,,,
Bexley,GB,51.44162,0.14866,228000,,,
Sumaré,BR,-22.82194,-47.26694,227977,,,
Damanhūr,EG,31.03917,30.46914,227943,,,
Nassau,BS,25.05823,-77.34306,227940,,,
Iquique,CL,-20.22036,-70.13913,227499,,,
Diez de Octubre,CU,23.0881,-82.3597,227293,,,
Al Minyā,EG,28.10988,30.7503,227150,,,
Liaocheng,CN,36.44389,115.96472,226930,,,
Neue Neustadt,DE,52.15,11.63333,226851,,,
Fendou,CN,46.64142,124.86283,226298,,,
Ajman,AE,25.41111,55.43504,226172,,,
Huambo,AO,-12.77611,15.73917,226145,,,
Geelong,AU,-38.14711,144.36069,226034,,,
Huanggang,CN,23.67704,116.99961,225956,,,
Bukavu,CD,-2.49076,28.84281,225389,,,
Juazeiro do Norte,BR,-7.21306,-39.31528,225230,,,
Mymensingh,BD,24.75636,90.40646,225126,,,
Jingling,CN,30.65,113.1,224871,,,
Sucre,BO,-19.03332,-65.26274,224838,,,
Oviedo,ES,43.36029,-5.84476,224005,,,
Berlin Spandau,DE,52.5511,13.19921,223862,,,
Nārāyanganj,BD,23.61352,90.50298,223622,,,
Tongchuan,CN,35.08056,109.08972,223603,,,
Xintai,CN,35.90056,117.75194,222459,,,
Santa Cruz de Tenerife,ES,28.46824,-16.25462,222417,,,
Graz,AT,47.06667,15.45,222326,,,
Embu,BR,-23.64889,-46.85222,221733,,,
Formosa,AR,-26.17753,-58.17814,221383,,,
Banja Luka,BA,44.77583,17.18556,221106,,,
Sant Martí,ES,41.41814,2.19933,221029,,,
Wuxue,CN,29.85058,115.5525,220661,,,
Babruysk,BY,53.1384,29.2214,220517,,,
Fuencarral-El Pardo,ES,40.4984,-3.7314,220085,,,
Badalona,ES,41.45004,2.24741,219547,,,
Oberhausen,DE,51.47311,6.88074,219176,,,
Wuhai,CN,39.68442,106.81582,218427,,,
Bertoua,CM,4.57728,13.68459,218111,,,
Imperatriz,BR,-5.52639,-47.49167,218106,,,
San Pedro de Macorís,DO,18.46156,-69.29718,217899,,,
Purwokerto,ID,-7.42139,109.23444,217222,,,
Colombo,BR,-25.29167,-49.22417,217000,,,
Hobart,AU,-42.87936,147.32941,216656,,,
Freiburg,DE,47.9959,7.85222,215966,,,
Purwakarta,ID,-6.55694,107.44333,215803,,,
Daloa,CI,6.87736,-6.45022,215652,,,
Mekele,ET,13.49667,39.47528,215546,,,
Concepción,CL,-36.82699,-73.04977,215413,,,
Jinzhou,CN,39.1,121.71667,215386,,,
Taboão da Serra,BR,-23.62611,-46.79167,214523,,,
Nazrēt,ET,8.55,39.26667,213995,,,
Guangyuan,CN,32.44202,105.823,213365,,,
Jacareí,BR,-23.30528,-45.96583,213110,,,
Loa Janan,ID,-0.58295,117.09503,212816,,,
Rancagua,CL,-34.17083,-70.74444,212695,,,
Marília,BR,-22.21389,-49.94583,212218,,,
Lübeck,DE,53.86893,10.68729,212207,,,
Cartagena,ES,37.60512,-0.98623,211996,,,
Hailar,CN,49.2,119.7,211066,,,
Terrassa,ES,41.56667,2.01667,210941,,,
Daliang,CN,22.84067,113.2503,210411,,,
Arroyo Naranjo,CU,23.03611,-82.37167,210053,,,
Arroyo Naranjo,CU,23.0144,-82.3031,210053,,,
Bogra,BD,24.85098,89.37108,210000,,,
Pematangsiantar,ID,2.9595,99.0687,209614,,,
Presidente Prudente,BR,-22.12556,-51.38889,209502,,,
Sanming,CN,26.24861,117.61861,209444,,,
Sohag,EG,26.55695,31.69478,209419,,,
Rennes,FR,48.11198,-1.67429,209375,,,
São Leopoldo,BR,-29.76028,-51.14722,209229,,,
Oruro,BO,-17.98333,-67.15,208684,,,
La Romana,DO,18.42734,-68.97285,208437,,,
Gaborone,BW,-24.65451,25.90859,208411,,,
Hangu,CN,39.24889,117.78917,208369,,,
Lobito,AO,-12.3644,13.53601,207932,,,
Ciputat,ID,-6.2375,106.69556,207858,,,
Jerez de la Frontera,ES,36.68645,-6.13606,207532,,,
Ciampea,ID,-6.55472,106.70083,207212,,,
Sumedang Utara,ID,-6.85,107.91667,206746,,,
Annaba,DZ,36.9,7.76667,206570,,,
Sabadell,ES,41.54329,2.10942,206493,,,
Móstoles,ES,40.32234,-3.86496,206478,,,
Dinājpur,BD,25.62745,88.63779,206234,,,
Itabuna,BR,-14.78556,-39.28028,205660,,,
Suzhou,CN,33.63611,116.97889,205130,,,
São Carlos,BR,-22.0175,-47.89083,205035,,,
Alcalá de Henares,ES,40.48205,-3.35996,204574,,,
Gaoping,CN,30.77576,106.10294,204368,,,
Debrecen,HU,47.53333,21.63333,204124,,,
Las Tunas,CU,20.96167,-76.95111,203684,,,
Hortolândia,BR,-22.85833,-47.22,203533,,,
Daqing,CN,46.58333,125,203488,,,
Erfurt,DE,50.9787,11.03283,203254,,,
Edéa,CM,3.8,10.13333,203149,,,
Achiaman,GH,5.7,-0.33333,202932,,,
Burnaby,CA,49.26636,-122.95263,202799,,,
Tampere,FI,61.49911,23.78712,202687,,,
Yiyang,CN,28.58917,112.32833,202608,,,
Harburg,DE,53.46057,9.98388,202571,,,
Linxia Chengguanzhen,CN,35.60028,103.20639,202402,,,
Barisāl,BD,22.70497,90.37013,202242,,,
Cileungsir,ID,-6.39472,106.95917,202190,,,
Mossoró,BR,-5.1875,-37.34417,202005,,,
Yuncheng,CN,35.02306,110.99278,201950,,,
Itapevi,BR,-23.54889,-46.93417,201748,,,
Rengasdengklok,ID,-6.15917,107.29806,201463,,,
Sete Lagoas,BR,-19.46583,-44.24667,201334,,,
La Pintana,CL,-33.58331,-70.63419,201178,,,
Nicosia,CY,35.16667,33.36667,200452,,,
Santo Domingo de los Colorados,EC,-0.25305,-79.17536,200421,,,
Jalālābād,AF,34.42647,70.45153,200331,,,
Charleroi,BE,50.41136,4.44448,200132,,,
São José,BR,-28.21171,-49.1632,200000,,,
Ladner,CA,49.08938,-123.08241,200000,,,
Saidpur,BD,25.77769,88.89169,199422,,,
Dudley,GB,52.5,-2.08333,199059,,,
Hagen,DE,51.36081,7.47168,198972,,,
Saskatoon,CA,52.11679,-106.63452,198958,,,
Yan’an Beilu,CN,44.00782,87.30461,198776,,,
Pamplona,ES,42.81687,-1.64323,198491,,,
Kaiyuan,CN,23.69767,103.30372,198423,,,
Rostock,DE,54.0887,12.14049,198293,,,
Machala,EC,-3.25861,-79.96054,198123,,,
Fuenlabrada,ES,40.28419,-3.79415,197836,,,
Mentougou,CN,39.93819,116.09307,197772,,,
Talca,CL,-35.4264,-71.65542,197479,,,
Northampton,GB,52.25,-0.88333,197322,,,
San-Pédro,CI,4.74851,-6.6363,196751,,,
Reims,FR,49.25,4.03333,196565,,,
Laâyoune / El Aaiún,EH,27.16224,-13.20315,196331,,,
Palmas,BR,-10.16745,-48.32766,196272,,,
Townsville,AU,-19.26639,146.8057,196219,,,
Americana,BR,-22.73917,-47.33139,196022,,,
Burgas,BG,42.50606,27.46781,195966,,,
Xinhui,CN,22.456,113.0482,195129,,,
Kendari,ID,-3.9778,122.51507,195006,,,
Petrolina,BR,-9.39861,-40.50083,194650,,,
Yamoussoukro,CI,6.82055,-5.27674,194530,,,
Kassel,DE,51.31667,9.5,194501,,,
Portsmouth,GB,50.79899,-1.09125,194150,,,
Parung,ID,-6.42139,106.73306,193898,,,
Divinópolis,BR,-20.13889,-44.88389,193832,,,
Luton,GB,51.87967,-0.41748,193669,,,
Ezhou,CN,30.4,114.83333,193652,,,
Maracanaú,BR,-3.87667,-38.62556,193529,,,
Bayamo,CU,20.37917,-76.64333,192632,,,
Tanjungpinang,ID,0.91667,104.45,192493,,,
Pār Naogaon,BD,24.80418,88.94875,192464,,,
Newcastle upon Tyne,GB,54.97328,-1.61396,192382,,,
Humen,CN,22.81898,113.67306,191891,,,
Sidi Bel Abbès,DZ,35.18994,-0.63085,191769,,,
Haicheng,CN,40.85158,122.74754,191651,,,
Curug,ID,-6.26583,106.55639,191406,,,
Barrancabermeja,CO,7.06528,-73.85472,191403,,,
Preston,GB,53.76667,-2.71667,190687,,,
Zoucheng,CN,35.40056,116.96556,190537,,,
Vantaa,FI,60.29414,25.04099,190058,,,
Banī Suwayf,EG,29.07441,31.09785,189624,,,
Mwene-Ditu,CD,-7.00906,23.45278,189177,,,
Santarém,BR,-2.44306,-54.70833,189047,,,
Wanxian,CN,30.81544,108.37089,188980,,,
San Fernando del Valle de Catamarca,AR,-28.46957,-65.78524,188812,,,
Almería,ES,36.83814,-2.45974,188810,,,
Camaçari,BR,-12.6975,-38.32417,188758,,,
Labuhanbajo,ID,-8.4964,119.8877,188724,,,
Cibinong,ID,-6.48167,106.85417,188663,,,
Donghai,CN,22.94594,115.64204,188602,,,
Boyeros,CU,23.0072,-82.4017,188593,,,
Baiyin,CN,36.54696,104.17023,188533,,,
Santa Bárbara d'Oeste,BR,-22.75361,-47.41361,188000,,,
Rio Grande,BR,-32.035,-52.09861,187838,,,
Sutton,GB,51.35,-0.2,187600,,,
Cachoeiro de Itapemirim,BR,-20.84889,-41.11278,187019,,,
Kikwit,CD,-5.04098,18.81619,186991,,,
Pinar del Río,CU,22.4175,-83.69806,186990,,,
Pābna,BD,24.00644,89.2372,186781,,,
Cienfuegos,CU,22.14611,-80.43556,186644,,,
Shibīn al Kawm,EG,30.55258,31.00904,186345,,,
Madiun,ID,-7.6298,111.5239,186099,,,
Leganés,ES,40.32718,-3.7635,186066,,,
Arica,CL,-18.4746,-70.29792,185999,,,
Le Havre,FR,49.4938,0.10767,185972,,,
Richmond Hill,CA,43.87111,-79.43725,185541,,,
Donostia / San Sebastián,ES,43.31283,-1.97499,185357,,,
Hamm,DE,51.68033,7.82089,185327,,,
Mainz,DE,49.98419,8.2791,184997,,,
Zaoyang,CN,32.12722,112.75417,184509,,,
Milton Keynes,GB,52.04172,-0.75583,184506,,,
Mbandaka,CD,0.04865,18.26034,184185,,,
Pemalang,ID,-6.9,109.36667,184149,,,
Quanzhou,CN,24.91389,118.58583,184143,,,
San Luis,AR,-33.29501,-66.33563,183982,,,
Genève,CH,46.20222,6.14569,183981,,,
Baishan,CN,41.93853,126.41965,183880,,,
Aberdeen,GB,57.14369,-2.09814,183790,,,
Zaozhuang,CN,34.86472,117.55417,183665,,,
Cergy-Pontoise,FR,49.03894,2.07805,183430,,,
Manta,EC,-0.96212,-80.71271,183166,,,
Lembang,ID,-6.81167,107.6175,183130,,,
Santander,ES,43.46472,-3.80444,182700,,,
Liège,BE,50.63373,5.56749,182597,,,
Itaboraí,BR,-22.74444,-42.85944,182498,,,
Blida,DZ,36.47004,2.8277,182447,,,
Barrie,CA,44.40011,-79.66634,182041,,,
Richmond,CA,49.17003,-123.13683,182000,,,
Probolinggo,ID,-7.7543,113.2159,181656,,,
Anda,CN,46.40202,125.31454,181271,,,
Saarbrücken,DE,49.2354,6.98165,181227,,,
Shangqiu,CN,34.45,115.65,181218,,,
Linz,AT,48.30639,14.28611,181162,,,
Rio Claro,BR,-22.41139,-47.56139,180147,,,
Tāngāil,BD,24.24984,89.91655,180144,,,
Matadi,CD,-5.79949,13.44068,180109,,,
Castelló de la Plana,ES,39.98333,-0.03333,180005,,,
Indaiatuba,BR,-23.09028,-47.21806,179911,,,
Dos Quebradas,CO,4.83916,-75.66726,179583,,,
Passo Fundo,BR,-28.26278,-52.40667,179529,,,
Xianning,CN,29.88333,114.21667,179494,,,
Sayibage,CN,41.76055,86.15231,179465,,,
Yuanlin,CN,30.41513,112.88595,179079,,,
Chenzhou,CN,25.8,113.03333,179038,,,
Burgos,ES,42.35022,-3.67527,178966,,,
Tiaret,DZ,35.37103,1.31699,178915,,,
Chlef,DZ,36.16525,1.33452,178616,,,
K'ut'aisi,GE,42.26791,42.69459,178338,,,
Habana del Este,CU,23.15917,-82.33056,178041,,,
Sunderland,GB,54.90465,-1.38222,177965,,,
Jingzhou,CN,30.35028,112.19028,177878,,,
Sants-Montjuïc,ES,41.37263,2.1546,177636,,,
Norwich,GB,52.62783,1.29834,177636,,,
Loum,CM,4.7182,9.7351,177429,,,
Split,HR,43.50891,16.43915,176314,,,
Saint-Étienne,FR,45.43333,4.4,176280,,,
Regina,CA,50.45008,-104.6178,176183,,,
Zhenzhou,CN,32.28034,119.16999,176006,,,
Turku,FI,60.45148,22.26869,175945,,,
Xindi,CN,29.81667,113.46667,175761,,,
Bella Vista,DO,18.45,-69.93333,175683,,,
Jiutai,CN,44.1525,125.83278,175115,,,
Cotia,BR,-23.60389,-46.91917,174828,,,
Pamulang,ID,-6.34278,106.73833,174557,,,
Bozhou,CN,33.87722,115.77028,174140,,,
Bata,GQ,1.86391,9.76582,173046,,,
Licheng,CN,23.29549,113.82465,172775,,,
Salatiga,ID,-7.33194,110.49278,172645,,,
Miskolc,HU,48.1,20.78333,172637,,,
Piraeus,GR,37.94745,23.63708,172429,,,
Weinan,CN,34.50355,109.50891,172321,,,
Walsall,GB,52.58528,-1.98396,172141,,,
Herne,DE,51.5388,7.22572,172108,,,
Francisco Morato,BR,-23.28167,-46.74528,171790,,,
Nanping,CN,26.645,118.17361,171674,,,
Dongling,CN,41.81444,123.57583,171454,,,
Mülheim (Ruhr),DE,51.43333,6.88333,171000,,,
Swansea,GB,51.62079,-3.94323,170883,,,
Uvira,CD,-3.39534,29.13779,170391,,,
Portoviejo,EC,-1.05458,-80.45445,170326,,,
Araçatuba,BR,-21.20889,-50.43278,170024,,,
Fuyang,CN,32.9,115.81667,170023,,,
Horta-Guinardó,ES,41.41849,2.1677,169920,,,
Albacete,ES,38.99424,-1.85643,169716,,,
Laiyang,CN,36.97583,120.71361,169594,,,
Bahir Dar,ET,11.59364,37.39077,168899,,,
Baranavichy,BY,53.1327,26.0139,168772,,,
Toulon,FR,43.11667,5.93333,168701,,,
Araraquara,BR,-21.79444,-48.17556,168468,,,
Bordj Bou Arreridj,DZ,36.07322,4.76108,168346,,,
Angers,FR,47.46667,-0.55,168279,,,
Alcorcón,ES,40.34582,-3.82487,167967,,,
Ech Chettia,DZ,36.19591,1.25538,167955,,,
Jamālpur,BD,24.91965,89.94812,167900,,,
Ferraz de Vasconcelos,BR,-23.54083,-46.36861,167900,,,
Eloy Alfaro,EC,-2.17579,-79.85519,167784,,,
Jingmen,CN,31.03361,112.20472,167750,,,
Korhogo,CI,9.45803,-5.62961,167359,,,
Getafe,ES,40.30571,-3.73295,167164,,,
Plumbon,ID,-6.705,108.47278,167105,,,
Banhā,EG,30.45906,31.17858,167029,,,
Arapiraca,BR,-9.7525,-36.66111,166562,,,
Fuling,CN,29.706,107.39575,166507,,,
Osnabrück,DE,52.27264,8.0498,166462,,,
Idfu,EG,24.98028,32.87472,166102,,,
Gaozhou,CN,21.93924,110.84607,166069,,,
Ulanhot,CN,46.08333,122.08333,165846,,,
Shanwei,CN,22.78199,115.3475,165699,,,
Oakville,CA,43.45011,-79.68292,165697,,,
Tuluá,CO,4.08466,-76.19536,165501,,,
Esmeraldas,EC,0.9592,-79.65397,165216,,,
Jiaozhou,CN,36.28389,120.00333,165026,,,
Nou Barris,ES,41.44163,2.17727,164981,,,
Banjaran,ID,-7.04528,107.58778,164952,,,
Szeged,HU,46.253,20.14824,164883,,,
Fendou,CN,45.21235,130.90254,164844,,,
Serang,ID,-6.1149,106.1502,164767,,,
Lages,BR,-27.81611,-50.32611,164676,,,
Basel,CH,47.5584,7.57327,164488,,,
Zenica,BA,44.20169,17.90397,164423,,,
Burlington,CA,43.38621,-79.83713,164415,,,
Solingen,DE,51.17343,7.0845,164359,,,
Plzeň,CZ,49.74747,13.37759,164180,,,
Bejaïa,DZ,36.75587,5.08433,164103,,,
Barra Mansa,BR,-22.54417,-44.17139,164052,,,
Nossa Senhora do Socorro,BR,-10.855,-37.12611,163993,,,
Parakou,BJ,9.33716,2.63031,163753,,,
Bournemouth,GB,50.72048,-1.8795,163600,,,
Southend-on-Sea,GB,51.53782,0.71433,163377,,,
Pátra,GR,38.24444,21.73444,163360,,,
Tongzhou,CN,39.90395,116.66183,163326,,,
Ludwigshafen am Rhein,DE,49.48121,8.44641,163196,,,
Envigado,CO,6.17591,-75.59174,163007,,,
Anbu,CN,23.44895,116.68092,162964,,,
Leverkusen,DE,51.0303,6.98432,162738,,,
Skikda,DZ,36.87617,6.90921,162702,,,
La Rioja,AR,-29.41105,-66.85067,162620,,,
Dourados,BR,-22.22111,-54.80556,162202,,,
Criciúma,BR,-28.6775,-49.36972,161954,,,
Kunduz,AF,36.72896,68.857,161902,,,
Hortaleza,ES,40.47444,-3.6411,161661,,,
Coquimbo,CL,-29.95332,-71.33947,161317,,,
Xiaogan,CN,30.91667,113.9,160437,,,
Chapecó,BR,-27.09639,-52.61833,160157,,,
Puerto Montt,CL,-41.46574,-72.94289,160054,,,
Zhicheng,CN,30.29556,111.50472,159383,,,
Lawang,ID,-7.8353,112.6947,159380,,,
San Miguel del Padrón,CU,23.06639,-82.29472,159273,,,
Tarija,BO,-21.53549,-64.72956,159269,,,
Oldenburg,DE,53.14118,8.21467,159218,,,
Pasuruan,ID,-7.6453,112.9075,158600,,,
Grenoble,FR,45.16667,5.71667,158552,,,
El Achir,DZ,36.06386,4.62744,158333,,,
Huzhou,CN,30.8703,120.0933,158320,,,
Barreiras,BR,-12.15278,-44.99,158292,,,
Centro Habana,CU,23.13833,-82.36417,158151,,,
Sobral,BR,-3.68611,-40.34972,157996,,,
Sunggal,ID,3.5765,98.6151,157914,,,
Greater Sudbury,CA,46.49,-80.99001,157857,,,
Ţalkhā,EG,31.0539,31.37787,157737,,,
San Blas,ES,40.43893,-3.61537,157367,,,
Perbaungan,ID,3.5679,98.956,157174,,,
Nanpiao,CN,41.09822,120.74792,157044,,,
Souk Ahras,DZ,36.28639,7.95111,156745,,,
Pécs,HU,46.08333,18.23333,156649,,,
Ruse,BG,43.85639,25.97083,156238,,,
Malabo,GQ,3.75,8.78333,155963,,,
Tema,GH,5.6698,-0.01657,155782,,,
Yichun,CN,47.72143,128.87529,155762,,,
Itajaí,BR,-26.90778,-48.66194,155716,,,
Salamanca,ES,40.96882,-5.66388,155619,,,
Ilhéus,BR,-14.78889,-39.04944,155499,,,
Swindon,GB,51.55797,-1.78116,155432,,,
Lianghu,CN,29.99152,120.89845,155000,,,
Tetuán de las Victorias,ES,40.46667,-3.71667,155000,,,
Beipiao,CN,41.79194,120.77917,154999,,,
Guangshui,CN,31.6199,113.9978,154771,,,
Butembo,CD,0.14164,29.29117,154621,,,
Oxford,GB,51.75222,-1.25596,154566,,,
La Serena,CL,-29.90453,-71.24894,154521,,,
Leshan,CN,29.56228,103.76386,154477,,,
Gandajika,CD,-6.75,23.95,154425,,,
Zhaodong,CN,46.06771,125.98263,154406,,,
Ambato,EC,-1.24908,-78.61675,154369,,,
Djelfa,DZ,34.67279,3.263,154265,,,
Pasarkemis,ID,-6.17028,106.53028,154234,,,
San Cristóbal,DO,18.41667,-70.1,154040,,,
Xinzhou,CN,38.40917,112.73333,154003,,,
Limassol,CY,34.675,33.03333,154000,,,
Gondar,ET,12.6,37.46667,153914,,,
Río Cuarto,AR,-33.13067,-64.34992,153757,,,
Sanshui,CN,23.15486,112.89161,153714,,,
Angra dos Reis,BR,-23.00667,-44.31806,153635,,,
Boshan,CN,36.48333,117.83333,153596,,,
Yangchun,CN,22.16667,111.78333,153547,,,
Nova Friburgo,BR,-22.28194,-42.53111,153361,,,
Cairns,AU,-16.92304,145.76625,153075,,,
Linhai,CN,28.84815,121.12807,152937,,,
Dingzhou,CN,38.51306,114.99556,152934,,,
Rondonópolis,BR,-16.47083,-54.63556,152912,,,
Weihai,CN,37.50914,122.11356,152595,,,
Neuß,DE,51.19807,6.68504,152457,,,
Chenghua,CN,23.46132,116.77007,152453,,,
Deyang,CN,31.13019,104.38198,152194,,,
Yichun,CN,27.83333,114.4,152169,,,
Logroño,ES,42.46667,-2.45,152107,,,
Longfeng,CN,46.53168,125.1038,152074,,,
Abbotsford,CA,49.05798,-122.25257,151683,,,
Itapecerica da Serra,BR,-23.71694,-46.84917,151605,,,
Dundee,GB,56.46913,-2.97489,151592,,,
Qingyuan,CN,23.7,113.03333,151287,,,
Benguela,AO,-12.57626,13.40547,151226,,,
Soreang,ID,-7.03306,107.51833,150932,,,
Guarapuava,BR,-25.39528,-51.45806,150850,,,
Gaomi,CN,36.38333,119.75278,150793,,,
Loudi,CN,27.73444,111.99444,150684,,,
La Laguna,ES,28.4853,-16.32014,150661,,,
Huangyan,CN,28.6501,121.26591,150448,,,
Chillán,CL,-36.60664,-72.10344,150396,,,
Parnamirim,BR,-5.91556,-35.26278,150343,,,
Salzburg,AT,47.79941,13.04399,150269,,,
Purwodadi,ID,-7.0868,110.9158,150206,,,
Poole,GB,50.71667,-2,150092,,,
Mascara,DZ,35.39664,0.14027,150000,,,
Dijon,FR,47.31667,5.01667,149782,,,
City Center,ES,40.41831,-3.70275,149718,,,
Metro,ID,-5.11306,105.30667,149526,,,
Huddersfield,GB,53.64904,-1.78416,149017,,,
Prenzlauer Berg,DE,52.53878,13.42443,148878,,,
Dunhua,CN,43.3725,128.2425,148844,,,
Huelva,ES,37.27145,-6.94946,148806,,,
Arganzuela,ES,40.40021,-3.69618,148797,,,
Yulin,CN,22.63333,110.15,148485,,,
Gyumri,AM,40.7942,43.84528,148381,,,
Chizhou,CN,30.66134,117.47783,148375,,,
Badajoz,ES,38.87789,-6.97061,148334,,,
Lubuklinggau,ID,-3.2945,102.8614,148243,,,
Nîmes,FR,43.83333,4.35,148236,,,
Palangkaraya,ID,-2.2,113.83333,148139,,,
Sujiatun,CN,41.65917,123.33917,148113,,,
Caxias,BR,-4.85889,-43.35611,148072,,,
Astanajapura,ID,-6.8017,108.6311,148047,,,
Jijel,DZ,36.82055,5.76671,148000,,,
Honggang,CN,46.40124,124.88322,147977,,,
Médéa,DZ,36.26417,2.75393,147707,,,
Salamanca,ES,40.42972,-3.67975,147707,,,
Kreuzberg,DE,52.49973,13.40338,147532,,,
Nilópolis,BR,-22.8075,-43.41389,147281,,,
Kreuzberg,DE,52.48906,13.38736,147227,,,
Manama,BH,26.21536,50.5832,147074,,,
Kalemie,CD,-5.94749,29.19471,146974,,,
Aix-en-Provence,FR,43.5283,5.44973,146821,,,
Matanzas,CU,23.04111,-81.5775,146733,,,
Saint-Quentin-en-Yvelines,FR,48.77186,2.01891,146598,,,
Poços de Caldas,BR,-21.78778,-46.56139,146588,,,
Qujing,CN,25.48333,103.78333,146015,,,
Puerto Plata,DO,19.79344,-70.6884,146000,,,
Hanzhong,CN,33.07278,107.03028,145986,,,
Chamberí,ES,40.43404,-3.70379,145934,,,
Odense,DK,55.39594,10.38831,145931,,,
Xinji,CN,37.90278,115.20361,145911,,,
Marabá,BR,-5.36861,-49.11778,145860,,,
Cikampek,ID,-6.41972,107.45583,145620,,,
Taishan,CN,22.25135,112.7799,145440,,,
Potsdam,DE,52.39886,13.06566,145292,,,
Concordia,AR,-31.39296,-58.02089,145210,,,
Brest,FR,48.4,-4.48333,144899,,,
Sanya,CN,18.24306,109.505,144753,,,
Acheng,CN,45.54545,126.97703,144665,,,
Le Mans,FR,48,0.2,144515,,,
Kumba,CM,4.6363,9.4469,144413,,,
Jinchang,CN,38.49528,102.17389,144363,,,
Meizhou,CN,24.29769,116.10724,144212,,,
York,GB,53.95763,-1.08271,144202,,,
Gorontalo,ID,0.5412,123.0595,144195,,,
Goma,CD,-1.67409,29.22845,144124,,,
Teshi Old Town,GH,5.58365,-0.10722,144013,,,
Tizi Ouzou,DZ,36.71182,4.04591,144000,,,
Kafr ash Shaykh,EG,31.1143,30.94012,143970,,,
Ipswich,GB,52.05917,1.15545,143767,,,
Dumai,ID,1.66711,101.44316,143760,,,
Saguenay,CA,48.41675,-71.06573,143692,,,
Luziânia,BR,-16.2525,-47.95028,143601,,,
Stara Zagora,BG,42.43278,25.64194,143431,,,
Béchar,DZ,31.61667,-2.21667,143382,,,
Heidelberg,DE,49.40768,8.69079,143345,,,
Cabo,BR,-8.28333,-35.03333,143105,,,
Blackpool,GB,53.81667,-3.05,143101,,,
Amiens,FR,49.9,2.3,143086,,,
Calama,CL,-22.45591,-68.93015,143084,,,
Macaé,BR,-22.37083,-41.78694,143029,,,
Cape Coast,GH,5.10535,-1.2466,143015,,,
Middlesbrough,GB,54.57623,-1.23483,142707,,,
Sant Andreu de Palomar,ES,41.43541,2.18982,142598,,,
Tanjungbalai,ID,2.96667,99.8,142506,,,
Mallawī,EG,27.7314,30.84165,142504,,,
Tuzla,BA,44.53842,18.66709,142486,,,
Nawābganj,BD,24.59025,88.27444,142361,,,
Jinhua,CN,29.10678,119.64421,142206,,,
Paderborn,DE,51.71905,8.75439,142161,,,
Ciego de Ávila,CU,21.84,-78.76194,142027,,,
Jieshou,CN,33.26338,115.36108,141993,,,
Yuen Long Kau Hui,HK,22.45,114.03333,141900,,,
Tours,FR,47.38333,0.68333,141621,,,
Petapa,GT,14.50278,-90.55167,141455,,,
Ibirité,BR,-20.02194,-44.05889,141374,,,
Bolton,GB,53.58333,-2.43333,141331,,,
Lauro de Freitas,BR,-12.89444,-38.32722,141280,,,
Potosí,BO,-19.58361,-65.75306,141251,,,
Usera,ES,40.38866,-3.70035,141189,,,
Limoges,FR,45.83153,1.2578,141176,,,
Rijeka,HR,45.34306,14.40917,141172,,,
Paranaguá,BR,-25.51944,-48.51992,141013,,,
Ghazni,AF,33.55391,68.42096,141000,,,
Gongzhuling,CN,43.50075,124.81979,140909,,,
Prenzlauer Berg,DE,52.55128,13.42343,140881,,,
Comodoro Rivadavia,AR,-45.86414,-67.49656,140850,,,
Darmstadt,DE,49.87056,8.64944,140385,,,
Tarragona,ES,41.11667,1.25,140323,,,
Peterborough,GB,52.57364,-0.24777,140141,,,
Chamartín de la Rosa,ES,40.45,-3.7,140000,,,
Sarrià-Sant Gervasi,ES,41.40104,2.1394,140000,,,
Parepare,ID,-4.0135,119.6255,140000,,,
Man,CI,7.41251,-7.55383,139341,,,
Altay,CN,47.84864,88.13361,139341,,,
Sidoarjo,ID,-7.4478,112.7183,139189,,,
Choloma,HN,15.61444,-87.95302,139100,,,
Stockport,GB,53.40979,-2.15761,139052,,,
Budapest XI. kerület,HU,47.47603,19.03605,139049,,,
Huadian,CN,42.96333,126.74778,139047,,,
Weru,ID,-6.711,108.5037,139004,,,
Brighton,GB,50.82838,-0.13947,139001,,,
Sekondi-Takoradi,GH,4.934,-1.7137,138872,,,
Fuyu,CN,45.18333,124.81667,138704,,,
Clermont-Ferrand,FR,45.77966,3.08628,138681,,,
Chaohu,CN,31.6,117.86667,138463,,,
Telford,GB,52.67659,-2.44926,138241,,,
Parnaíba,BR,-2.90472,-41.77667,138008,,,
Jacmel,HT,18.23417,-72.53472,137966,,,
Obuasi,GH,6.20602,-1.66191,137856,,,
Peristéri,GR,38.01667,23.7,137659,,,
Itu,BR,-23.26417,-47.29917,137586,,,
Dikirnis,EG,31.08898,31.59478,137542,,,
Jieshi,CN,22.81027,115.83058,137444,,,
Castanhal,BR,-1.29389,-47.92639,137406,,,
Bitung,ID,1.4451,125.1824,137364,,,
Irákleion,GR,35.32787,25.14341,137154,,,
Jiashan,CN,30.84918,120.92583,137112,,,
Hami,CN,42.83393,93.50601,137072,,,
San Juan Sacatepéquez,GT,14.71889,-90.64417,136886,,,
Shizuishan,CN,39.23333,106.76944,136570,,,
São Caetano do Sul,BR,-23.62306,-46.55111,136453,,,
Gejiu,CN,23.36085,103.15372,136135,,,
Desē,ET,11.13333,39.63333,136056,,,
Lleida,ES,41.61674,0.62218,135919,,,
Osorno,CL,-40.57395,-73.13348,135773,,,
Jagdaqi,CN,50.41667,124.11667,135760,,,
Queimados,BR,-22.71611,-43.55528,135741,,,
Kushtia,BD,23.9028,89.11943,135724,,,
Kindu,CD,-2.94373,25.92237,135698,,,
West Bromwich,GB,52.51868,-1.9945,135618,,,
Shiqiao,CN,22.9464,113.35769,135308,,,
Cartago,CO,4.74639,-75.91167,134827,,,
Cap-Haïtien,HT,19.75778,-72.20417,134815,,,
Baturaja,ID,-4.12891,104.16695,134759,,,
El Oued,DZ,33.35608,6.86319,134699,,,
Marbella,ES,36.51543,-4.88583,134623,,,
León,ES,42.60003,-5.57032,134305,,,
Léogâne,HT,18.50959,-72.63147,134190,,,
Slough,GB,51.50949,-0.59541,134072,,,
Dali,CN,25.58474,100.21229,134040,,,
Singaraja,ID,-8.112,115.08818,133784,,,
Würzburg,DE,49.78778,9.93611,133731,,,
Valdivia,CL,-39.81422,-73.24589,133419,,,
Hawassa,ET,7.06205,38.47635,133097,,,
Ibarra,EC,0.35171,-78.12233,132977,,,
Puqi,CN,29.71667,113.88333,132891,,,
Nzérékoré,GN,7.75624,-8.8179,132728,,,
Ankang,CN,32.68,109.01722,132654,,,
Blitar,ID,-8.0983,112.1681,132416,,,
Cerro,CU,23.10861,-82.37778,132351,,,
Tlemcen,DZ,34.87833,-1.315,132341,,,
Quetzaltenango,GT,14.83472,-91.51806,132230,,,
Zalantun,CN,48,122.71667,132224,,,
Pindamonhangaba,BR,-22.92389,-45.46167,132218,,,
St. Catharines,CA,43.17126,-79.24267,131989,,,
Dawukou,CN,39.04194,106.39583,131880,,,
Majie,CN,25.03333,102.63611,131696,,,
Martapura,ID,-3.41667,114.85,131449,,,
Villeurbanne,FR,45.76667,4.88333,131445,,,
Toowoomba,AU,-27.56056,151.95386,131258,,,
Hepo,CN,23.43077,115.82991,131238,,,
Sapucaia,BR,-29.83333,-51.15,130937,,,
Pinsk,BY,52.1229,26.0951,130777,,,
Dazhou,CN,31.21592,107.50092,130749,,,
Shuangcheng,CN,45.35,126.28333,130710,,,
Dongyang,CN,29.26778,120.22528,130387,,,
Maicao,CO,11.38321,-72.24321,130348,,,
Florencia,CO,1.61438,-75.60623,130337,,,
Jiazi,CN,22.87932,116.07318,130298,,,
Girardot,CO,4.29866,-74.80468,130289,,,
Quilpué,CL,-33.04752,-71.44249,130263,,,
Songjiang,CN,31.03595,121.2146,130218,,,
La Ceiba,HN,15.75971,-86.78221,130218,,,
Jaraguá do Sul,BR,-26.48611,-49.06667,130130,,,
Relizane,DZ,35.73734,0.55599,130094,,,
Shangri-La,CN,27.82511,99.70779,130000,,,
Mostaganem,DZ,35.93115,0.08918,130000,,,
Wuda,CN,39.49944,106.71167,129922,,,
Kisaran,ID,2.9845,99.6158,129911,,,
Bimbo,CF,4.25671,18.41583,129655,,,
Sherbrooke,CA,45.40008,-71.89908,129447,,,
Ouargla,DZ,31.94932,5.32502,129402,,,
Copiapó,CL,-27.36679,-70.3314,129280,,,
Palopo,ID,-2.9925,120.19694,129273,,,
Bilbays,EG,30.42039,31.56223,129211,,,
Regensburg,DE,49.015,12.09556,129151,,,
Leiyang,CN,26.40238,112.85908,129116,,,
Darwin,AU,-12.46113,130.84185,129062,,,
Sātkhira,BD,22.70817,89.07185,128918,,,
Mogi Guaçu,BR,-22.37222,-46.94222,128865,,,
Arish,EG,31.13159,33.79844,128855,,,
Lárisa,GR,39.63722,22.42028,128758,,,
Gloucester,GB,51.86568,-2.2431,128721,,,
Oulu,FI,65.01236,25.46816,128618,,,
Cambridge,GB,52.2,0.11667,128488,,,
Besançon,FR,47.24878,6.01815,128426,,,
El Eulma,DZ,36.15281,5.69016,128351,,,
Jīma,ET,7.66667,36.83333,128306,,,
Győr,HU,47.68333,17.63512,128265,,,
Jirjā,EG,26.33826,31.89161,128250,,,
Manzanillo,CU,20.34333,-77.11667,128188,,,
Divo,CI,5.83739,-5.35723,127867,,,
Ungaran,ID,-7.13972,110.405,127812,,,
Xuanzhou,CN,30.9525,118.75528,127758,,,
San Nicolás de los Arroyos,AR,-33.33578,-60.22523,127742,,,
Saïda,DZ,34.83034,0.15171,127497,,,
Sirājganj,BD,24.45771,89.70802,127481,,,
Jequié,BR,-13.8575,-40.08361,127475,,,
Huaihua,CN,27.54944,109.95917,127322,,,
Jiangyou,CN,31.76667,104.71667,127225,,,
Isiro,CD,2.77391,27.61603,127076,,,
Sancti Spíritus,CU,21.92972,-79.4425,127069,,,
Rangkasbitung,ID,-6.3591,106.2494,126910,,,
Klaten,ID,-7.70583,110.60639,126831,,,
Villaverde,ES,40.35,-3.7,126802,,,
Xichang,CN,27.89642,102.26342,126787,,,
Cadiz,ES,36.52978,-6.29465,126766,,,
Danshui,CN,22.7984,114.46716,126701,,,
Sogamoso,CO,5.71434,-72.93391,126551,,,
Jombang,ID,-7.54595,112.23307,126465,,,
Anmore,CA,49.31637,-122.85263,126456,,,
Lévis,CA,46.80326,-71.17793,126396,,,
Macheng,CN,31.17833,115.03194,126366,,,
Itapetininga,BR,-23.59167,-48.05306,126243,,,
Patos de Minas,BR,-18.57889,-46.51806,126234,,,
Paseh,ID,-7.1026,107.7641,126181,,,
Retiro,ES,40.41317,-3.68307,126058,,,
Pangkalpinang,ID,-2.12914,106.11377,125933,,,
Huicheng,CN,23.03845,116.28988,125919,,,
Les Cayes,HT,18.2,-73.75,125799,,,
Watford,GB,51.65531,-0.39602,125707,,,
Xiazhen,CN,34.80222,117.11167,125667,,,
Sorong,ID,-0.87956,131.26104,125535,,,
Los Ángeles,CL,-37.46973,-72.35366,125430,,,
Haimen,CN,23.19346,116.61219,125427,,,
Orsha,BY,54.5081,30.4172,125347,,,
Shahecheng,CN,36.93833,114.50583,125132,,,
Kelowna,CA,49.88307,-119.48568,125109,,,
Bragança Paulista,BR,-22.95194,-46.54194,125096,,,
Bohicon,BJ,7.17826,2.0667,125092,,,
Willemstad,CW,12.1084,-68.93354,125000,,,
Suining,CN,30.50802,105.57332,124924,,,
San Francisco de Macorís,DO,19.30099,-70.25259,124763,,,
Yushu,CN,44.8,126.53333,124736,,,
Riobamba,EC,-1.67098,-78.64712,124478,,,
Timon,BR,-5.09417,-42.83667,124427,,,
Lecheng,CN,25.11371,113.35408,124268,,,
São José dos Pinhais,BR,-25.53472,-49.20639,124224,,,
Orléans,FR,47.90289,1.90389,124149,,,
Laiwu,CN,36.19278,117.65694,124108,,,
Teresópolis,BR,-22.41222,-42.96556,123979,,,
Metz,FR,49.11911,6.17269,123914,,,
Jiupu,CN,41.06667,122.95,123843,,,
Baoshan,CN,46.55861,131.42444,123791,,,
Salvaleón de Higüey,DO,18.61501,-68.70798,123787,,,
Budapest III. kerület,HU,47.54157,19.04501,123723,,,
Ciamis,ID,-7.3257,108.3534,123637,,,
Lumajang,ID,-8.1335,113.2248,123626,,,
Guelma,DZ,36.46214,7.42608,123590,,,
Uruguaiana,BR,-29.75472,-57.08833,123480,,,
Indramayu,ID,-6.32639,108.32,123263,,,
Bordj el Kiffan,DZ,36.74871,3.19248,123246,,,
Gagnoa,CI,6.13193,-5.9506,123184,,,
Porto Seguro,BR,-16.44972,-39.06472,123173,,,
Luoyang,CN,23.16244,114.27342,123144,,,
Wolfsburg,DE,52.42452,10.7815,123064,,,
Jiaohe,CN,43.72861,127.34472,123018,,,
Dos Hermanas,ES,37.28287,-5.92088,122943,,,
Pati,ID,-6.7559,111.038,122785,,,
Alagoinhas,BR,-12.13556,-38.41917,122688,,,
Huangzhou,CN,30.45,114.8,122563,,,
Recklinghausen,DE,51.61379,7.19738,122438,,,
Palhoça,BR,-27.64528,-48.66778,122423,,,
Xiulin,CN,29.71667,112.4,122411,,,
Zhoucun,CN,36.81667,117.81667,122402,,,
Jiayuguan,CN,39.81121,98.28618,122396,,,
Aalborg,DK,57.048,9.9187,122219,,,
Barbacena,BR,-21.22583,-43.77361,122211,,,
Villa Canales,GT,14.48139,-90.53167,122194,,,
Göttingen,DE,51.53443,9.93228,122149,,,
Durrës,AL,41.32306,19.44139,122034,,,
Batumi,GE,41.64159,41.63593,121806,,,
Mataró,ES,41.54211,2.4445,121722,,,
Bern,CH,46.94809,7.44744,121631,,,
Payakumbuh,ID,-0.2159,100.6334,121572,,,
Lianhe,CN,47.13333,129.27426,121367,,,
Cachoeirinha,BR,-29.95111,-51.09389,121084,,,
Xilin Hot,CN,43.96667,116.03333,120965,,,
Heilbronn,DE,49.13995,9.22054,120733,,,
Ingolstadt,DE,48.76508,11.42372,120658,,,
Fengcheng,CN,40.45361,124.07167,120514,,,
Ulm,DE,48.39841,9.99155,120451,,,
Cambridge,CA,43.3601,-80.31269,120372,,,
Budapest XIV. kerület,HU,47.5183,19.10789,120148,,,
Gràcia,ES,41.40237,2.15641,120087,,,
Novoye Medvezhino,BY,53.88333,27.45,120000,,,
Bangil,ID,-7.59939,112.8186,120000,,,
Bottrop,DE,51.52392,6.9285,119909,,,
Santa Rita,BR,-7.11389,-34.97806,119893,,,
Charlottenburg,DE,52.51667,13.28333,119857,,,
Santa Coloma de Gramenet,ES,41.45152,2.2081,119717,,,
Trois-Rivières,CA,46.34515,-72.5477,119693,,,
Bergedorf,DE,53.48462,10.22904,119665,,,
Quevedo,EC,-1.02863,-79.46352,119436,,,
Toledo,BR,-24.71361,-53.74306,119313,,,
Pforzheim,DE,48.88436,8.69892,119313,,,
Jaú,BR,-22.29639,-48.55778,119206,,,
Offenbach,DE,50.1006,8.76647,119192,,,
Lhasa,CN,29.65,91.1,118721,,,
Aïn Oussera,DZ,35.45139,2.90583,118687,,,
Pleven,BG,43.41667,24.61667,118675,,,
Sepatan,ID,-6.11889,106.575,118439,,,
Cubatão,BR,-23.895,-46.42528,118410,,,
Bandundu,CD,-3.31687,17.38063,118211,,,
Torrejón de Ardoz,ES,40.45535,-3.46973,118162,,,
Puning,CN,23.31072,116.16869,118023,,,
Buga,CO,3.90089,-76.29783,118004,,,
Friedrichshain,DE,52.53333,13.43333,117829,,,
Loja,EC,-3.99313,-79.20422,117796,,,
Gemena,CD,3.25651,19.77234,117639,,,
Shunyi,CN,40.12175,116.64783,117623,,,
Rotherham,GB,53.43012,-1.35678,117618,,,
Tebingtinggi,ID,3.3285,99.1625,117530,,,
Petit Goâve,HT,18.4294,-72.86297,117504,,,
Tunja,CO,5.53528,-73.36778,117479,,,
Bremerhaven,DE,53.55021,8.57674,117446,,,
Punta Arenas,CL,-53.15483,-70.91129,117430,,,
Newport,GB,51.58774,-2.99835,117326,,,
Kedungwuni,ID,-6.97038,109.64794,117249,,,
Longjing,CN,42.77139,129.42333,117185,,,
Remscheid,DE,51.17983,7.1925,117118,,,
Nkongsamba,CM,4.9547,9.9404,117063,,,
Kindia,GN,10.05692,-12.86576,117062,,,
Qingzhou,CN,36.69667,118.47972,117056,,,
Pinhais,BR,-25.44472,-49.1925,117000,,,
Khenchela,DZ,35.43583,7.14333,117000,,,
Lausanne,CH,46.516,6.63282,116751,,,
Brugge,BE,51.20892,3.22424,116709,,,
Simões Filho,BR,-12.78444,-38.40389,116662,,,
Varginha,BR,-21.55139,-45.43028,116571,,,
Jaén,ES,37.76922,-3.79028,116557,,,
Moncloa-Aravaca,ES,40.43547,-3.7317,116531,,,
Dasha,CN,23.11037,113.4418,116307,,,
Nyíregyháza,HU,47.95539,21.71671,116298,,,
Berlin Schöneberg,DE,52.48388,13.3477,116286,,,
Yakeshi,CN,49.28333,120.73333,116284,,,
Algeciras,ES,36.13326,-5.45051,116209,,,
Sinop,BR,-11.86417,-55.5025,116013,,,
Schöneberg,DE,52.46667,13.35,115976,,,
Ra’s al Khaymah,AE,25.78953,55.9432,115949,,,
Binzhou,CN,37.36667,118.01667,115893,,,
Guelph,CA,43.54594,-80.25599,115760,,,
Parla,ES,40.23604,-3.76752,115611,,,
Batang,ID,-6.4846,110.7083,115537,,,
Lengshuijiang,CN,27.68806,111.42944,115399,,,
Tianfu,CN,37.19723,122.05228,115370,,,
Pouso Alegre,BR,-22.23,-45.93639,115201,,,
Balkh,AF,36.75635,66.8972,114883,,,
Mingshui,CN,36.71667,117.5,114858,,,
Coquitlam,CA,49.28297,-122.75262,114565,,,
Pamanukan,ID,-6.28417,107.81056,114290,,,
Kingston,CA,44.22976,-76.48098,114195,,,
Yuyao,CN,30.05,121.14944,114177,,,
Sawangan,ID,-6.40278,106.77444,114069,,,
Friedrichshain,DE,52.51518,13.45362,114050,,,
Kankan,GN,10.38542,-9.30568,114009,,,
Villa Lugano,AR,-34.67907,-58.47262,114000,,,
Hotan,CN,37.09972,79.92694,114000,,,
Laghouat,DZ,33.8,2.86514,113872,,,
Botucatu,BR,-22.88583,-48.445,113862,,,
Pingshan,CN,22.99376,114.71311,113631,,,
Cuito,AO,-12.38333,16.93333,113624,,,
Qianguo,CN,45.11712,124.85676,113611,,,
Maba,CN,24.68412,113.59839,113609,,,
Jandira,BR,-23.5275,-46.9025,113605,,,
Budapest XIII. kerület,HU,47.52978,19.08068,113531,,,
Praia,CV,14.93152,-23.51254,113364,,,
Exeter,GB,50.7236,-3.52751,113118,,,
Guanabacoa,CU,23.12389,-82.30028,112964,,,
Eastbourne,GB,50.76871,0.28453,112906,,,
Guangming,CN,45.33333,122.78333,112819,,,
Rouen,FR,49.44313,1.09932,112787,,,
Haikou,CN,24.77985,102.57548,112644,,,
Reutlingen,DE,48.49144,9.20427,112627,,,
Shaowu,CN,27.34089,117.4831,112585,,,
Mojokerto,ID,-7.4664,112.4338,112557,,,
Innsbruck,AT,47.26266,11.39454,112467,,,
Kaiyuan,CN,42.53306,124.04028,112462,,,
Farīdpur,BD,23.60612,89.84064,112187,,,
Mazyr,BY,52.0495,29.2456,112137,,,
Fürth,DE,49.47593,10.98856,112025,,,
Beibei,CN,29.82739,106.43645,112019,,,
Ribeirão Pires,BR,-23.71056,-46.41333,111888,,,
Conselheiro Lafaiete,BR,-20.66028,-43.78611,111596,,,
Resende,BR,-22.46889,-44.44667,111514,,,
Cileunyi,ID,-6.93889,107.75278,111476,,,
Magelang,ID,-7.47056,110.21778,111461,,,
Mulhouse,FR,47.75,7.33333,111430,,,
Santa Rosa,AR,-36.61667,-64.28333,111424,,,
Mbouda,CM,5.62578,10.25517,111320,,,
Araucária,BR,-25.59306,-49.41028,111302,,,
Ciutat Vella,ES,41.38022,2.17319,111290,,,
Dongtai,CN,32.85231,120.30947,110988,,,
Atibaia,BR,-23.11694,-46.55028,110968,,,
Várzea Paulista,BR,-23.21139,-46.82833,110936,,,
Encheng,CN,22.18659,112.30424,110921,,,
Zhuji,CN,29.71876,120.24233,110721,,,
Perpignan,FR,42.69764,2.89541,110706,,,
Caen,FR,49.18585,-0.35912,110624,,,
Delicias,ES,41.64928,-0.90757,110520,,,
Kresek,ID,-6.13139,106.37972,110182,,,
Citeureup,ID,-6.48556,106.88194,110155,,,
Garanhuns,BR,-8.89028,-36.49278,110085,,,
Linqing,CN,36.84556,115.71167,110046,,,
Mendip,GB,51.2372,-2.6266,110000,,,
Zhucheng,CN,35.99472,119.3975,109968,,,
Linshui,CN,36.42472,114.20472,109955,,,
Hailun,CN,47.4565,126.95368,109881,,,
Kecskemét,HU,46.90618,19.69128,109847,,,
Shilong,CN,23.11444,113.84722,109733,,,
Kandi,BJ,11.13417,2.93861,109701,,,
Araruama,BR,-22.87278,-42.34306,109637,,,
Tieli,CN,46.98043,128.04498,109636,,,
Catanduva,BR,-21.13778,-48.97278,109612,,,
Dongxing,CN,45.36088,130.78679,109561,,,
Heihe,CN,50.24413,127.49016,109427,,,
Colchester,GB,51.88921,0.90421,109414,,,
Zhaotong,CN,27.31667,103.71667,109400,,,
San Rafael,AR,-34.61772,-68.33007,109163,,,
Port-Gentil,GA,-0.71933,8.78151,109163,,,
Hulan,CN,45.98333,126.6,109104,,,
Zhongxiang,CN,31.16611,112.58306,108883,,,
Franco da Rocha,BR,-23.32167,-46.72694,108858,,,
Dehui,CN,44.53333,125.7,108818,,,
Boulogne-Billancourt,FR,48.83333,2.25,108782,,,
Girón,CO,7.0682,-73.16981,108466,,,
Baghlān,AF,36.13068,68.70829,108449,,,
Dagenham,GB,51.55,0.16667,108368,,,
Nehe,CN,48.48333,124.83333,108253,,,
Cabo Frio,BR,-22.87944,-42.01861,108239,,,
Banyuwangi,ID,-8.2325,114.35755,108166,,,
Pingliang,CN,35.53917,106.68611,108156,,,
Rockingham,AU,-32.27682,115.72978,108022,,,
Kunshan,CN,31.37762,120.9543,107986,,,
Chengjiang,CN,31.91102,120.26302,107918,,,
Jalai Nur,CN,49.45,117.7,107828,,,
Moers,DE,51.45342,6.6326,107816,,,
Kallithéa,GR,37.95,23.7,107767,,,
Ourense,ES,42.33669,-7.86407,107742,,,
Ji Paraná,BR,-10.88528,-61.95167,107697,,,
Shaping,CN,22.77019,112.95776,107589,,,
Alcobendas,ES,40.54746,-3.64197,107514,,,
Araras,BR,-22.35694,-47.38417,107463,,,
Poá,BR,-23.52806,-46.34472,107432,,,
Sherpur,BD,25.01881,90.01751,107419,,,
Vitória de Santo Antão,BR,-8.11806,-35.29139,107383,,,
Koblenz,DE,50.35357,7.57884,107319,,,
Siegen,DE,50.87482,8.02431,107242,,,
Reus,ES,41.15612,1.10687,107118,,,
Ilebo,CD,-4.33112,20.58638,107093,,,
Apucarana,BR,-23.55083,-51.46083,107085,,,
Crawley,GB,51.11303,-0.18312,107061,,,
Sutton Coldfield,GB,52.56667,-1.81667,107030,,,
Al Ḩawāmidīyah,EG,29.9,31.25,106841,,,
Lianran,CN,24.92271,102.48496,106795,,,
Cikarang,ID,-6.26111,107.15278,106479,,,
Longjiang,CN,47.33072,123.17816,106384,,,
Buhe,CN,30.28757,112.22979,106347,,,
Namur,BE,50.4669,4.86746,106284,,,
Bergisch Gladbach,DE,50.9856,7.13298,106184,,,
Blackburn,GB,53.75,-2.48333,106154,,,
Launceston,AU,-41.43876,147.13467,106153,,,
Santa Cruz do Sul,BR,-29.7175,-52.42583,106113,,,
Sydney,CA,46.1351,-60.1831,105968,,,
Xinghua,CN,32.93917,119.83417,105918,,,
Guaratinguetá,BR,-22.81639,-45.1925,105880,,,
Arjawinangun,ID,-6.64528,108.41028,105845,,,
Aïn Beïda,DZ,35.79639,7.39278,105765,,,
Anqiu,CN,36.43417,119.1925,105665,,,
Idkū,EG,31.30782,30.29901,105599,,,
Bhairab Bāzār,BD,24.0524,90.9764,105457,,,
Tengzhou,CN,35.07706,117.15176,105456,,,
Baraki,DZ,36.66655,3.09606,105402,,,
Nancy,FR,48.68439,6.18496,105334,,,
Linhares,BR,-19.39111,-40.07222,105075,,,
Araguaína,BR,-7.19111,-48.20722,105019,,,
Malinovka,BY,53.8579,27.4374,105000,,,
Moratalaz,ES,40.41667,-3.65,104923,,,
Daxing,CN,39.74025,116.32693,104904,,,
Oldham,GB,53.54051,-2.1183,104782,,,
Jena,DE,50.92878,11.5899,104712,,,
Gera,DE,50.88029,12.08187,104659,,,
Depok,ID,-7.7625,110.43167,104527,,,
Mostar,BA,43.34333,17.80806,104518,,,
Tandil,AR,-37.32167,-59.13316,104325,,,
Lo Prado,CL,-33.4443,-70.72552,104316,,,
Pulandian,CN,39.39528,121.96694,104277,,,
Debre Zeyit,ET,8.75,38.98333,104215,,,
Wuchuan,CN,21.45713,110.76591,104168,,,
Abengourou,CI,6.72972,-3.49639,104020,,,
Jishu,CN,44.31667,126.8,103988,,,
Woking,GB,51.31903,-0.55893,103932,,,
Dolisie,CG,-4.19834,12.66664,103894,,,
Yuxi,CN,24.355,102.54222,103829,,,
Marzahn,DE,52.55,13.55,103768,,,
Gardēz,AF,33.59744,69.22592,103601,,,
Bilqās,EG,31.21452,31.35798,103596,,,
Prabumulih,ID,-3.43447,104.23056,103470,,,
Cheltenham,GB,51.9,-2.08333,103249,,,
Esmeraldas,BR,-19.7625,-44.31389,103206,,,
Escuintla,GT,14.305,-90.785,103165,,,
Hildesheim,DE,52.15077,9.95112,103052,,,
Rantauprapat,ID,2.1,99.83333,103009,,,
Palma Soriano,CU,20.21238,-75.99843,102826,,,
Belawan,ID,3.7755,98.6832,102707,,,
Erlangen,DE,49.59099,11.00783,102675,,,
Chelmsford,GB,51.73575,0.46958,102671,,,
Saint Helens,GB,53.45,-2.73333,102555,,,
Lubango,AO,-14.91717,13.4925,102541,,,
Curicó,CL,-34.98279,-71.23943,102438,,,
Concepción de La Vega,DO,19.22207,-70.52956,102426,,,
Shāhzādpur,BD,24.17687,89.5988,102420,,,
Qianzhou,CN,28.31926,109.73346,102332,,,
Birigui,BR,-21.28861,-50.34,102277,,,
Disūq,EG,31.13305,30.64649,102037,,,
Singkawang,ID,0.9,109,101838,,,
Torrevieja,ES,37.97872,-0.68222,101792,,,